9580,2464,-4528,-6240
9607,2448,-4496,-6128
9634,2560,-4272,-5856
9661,2768,-4304,-5712
9689,2512,-4496,-5056
9716,2528,-4000,-6352
9743,2176,-4160,-6160
9770,2256,-3888,-5392
9797,2368,-4096,-4768
9824,1248,-3488,-4576
9851,1424,-5152,-4688
9878,1536,-5776,-4688
9905,1232,-5408,-3936
9932,704,-5824,-4144
9958,336,-6512,-4560
9984,-144,-5824,-4336
10011,-192,-6448,-4544
10040,-800,-7120,-5008
10068,-1392,-9552,-5088
10097,-1696,-9504,-4688
10126,-1840,-9968,-4688
10155,-1392,-9424,-4336
10184,-976,-8320,-3376
10212,-960,-8032,-2880
10241,-736,-7552,-2560
10269,-736,-7312,-2496
10297,-1056,-6848,-2416
10326,-1168,-6480,-2176
10355,-1440,-6560,-2048
10384,-1600,-6944,-1888
10414,-1792,-6160,-1472
10443,-1952,-4896,-1152
10472,-2320,-4192,-848
10500,-2976,-4192,-608
10528,-3536,-4416,-352
10556,-4160,-4352,-432
10584,-5008,-3792,-560
10612,-5232,-3536,-496
10641,-8128,-4080,-256
10669,-10336,-4736,224
10697,-11152,-6496,480
10725,-10880,-8000,0
10751,-9728,-8064,256
10778,-7856,-5888,576
10805,-7744,-2528,288
10832,-8560,-1504,64
10858,-8592,-2240,-176
10886,-7472,-2896,592
10914,-7040,-3248,416
10941,-6448,-3488,544
10968,-6096,-4176,576
10995,-6208,-4544,336
11022,-6304,-4688,352
11049,-6464,-4448,368
11076,-6672,-4256,336
11103,-7056,-4192,352
11130,-7632,-4128,480
11157,-7760,-3968,448
11184,-7632,-3648,416
11211,-7568,-3344,528
11239,-7584,-3248,464
11266,-7408,-3536,400
11293,-7280,-3584,304
11320,-7232,-3536,352
11347,-7088,-3648,256
11374,-6992,-3520,112
11401,-6720,-3568,544
11428,-6976,-3664,368
11455,-6976,-3600,480
11482,-6928,-3520,320
11509,-6864,-3440,432
11536,-6896,-3408,272
11564,-6960,-3440,320
11591,-6960,-3472,352
11618,-6928,-3520,384
11645,-7008,-3568,400
11672,-6976,-3616,400
11699,-6912,-3696,448
11726,-6800,-3728,400
11753,-6992,-3872,464
11780,-7136,-3872,512
11807,-7200,-3920,528
11834,-7216,-3856,560
11861,-7232,-3856,576
11889,-7184,-3808,432
11916,-7184,-3872,480
11943,-7104,-3984,544
11970,-7312,-3952,448
11997,-7168,-3824,688
12024,-7184,-3680,496
12051,-7072,-3664,432
12078,-7104,-3568,416
12105,-7104,-3600,464
12132,-6976,-3568,496
12159,-7040,-3552,512
12186,-7168,-3456,480
12214,-7184,-3504,448
12241,-7104,-3584,480
12268,-7056,-3568,528
12295,-7120,-3600,512
12322,-7168,-3616,576
12349,-7152,-3696,512
12376,-7152,-3680,544
12403,-7104,-3600,544
12430,-7136,-3648,512
12457,-7120,-3680,544
12484,-7072,-3712,512
12511,-7120,-3728,480
12539,-7104,-3712,496
12566,-7120,-3664,416
12593,-7136,-3632,480
12620,-7232,-3664,432
12647,-7264,-3648,496
12674,-7152,-3760,496
12701,-7168,-3648,608
12728,-7280,-3568,672
12755,-7312,-3488,736
12782,-7168,-3488,800
12809,-7184,-3392,832
12836,-7152,-3600,752
12864,-6944,-3680,752
12891,-6848,-3504,656
12918,-6624,-3472,592
12945,-6624,-3584,480
12972,-6656,-3696,448
12999,-6672,-3696,384
13026,-6656,-3760,496
13053,-6640,-3696,480
13080,-6688,-3616,416
13107,-6528,-3632,368
13134,-6256,-3632,464
13161,-5712,-3680,368
13189,-5680,-3664,288
13216,-7216,-4064,384
13243,-8176,-4592,432
13270,-8944,-4416,320
13297,-8736,-4464,272
13324,-7856,-4240,352
13351,-6944,-3904,304
13378,-6608,-3568,352
13405,-6560,-3888,464
13432,-6848,-4144,528
13459,-6992,-3936,464
13486,-7088,-3712,544
13514,-7312,-3376,544
13541,-7632,-3200,352
13568,-7536,-3104,368
13595,-7776,-3168,224
13622,-7728,-3280,256
13649,-7520,-3536,320
13676,-7776,-3744,384
13703,-7856,-3824,496
13730,-8160,-3760,368
13757,-9568,-4016,912
13784,-10336,-3488,800
13812,-9040,-2784,496
13840,-7424,-3104,832
13867,-8160,-3936,1248
13895,-8208,-3952,992
13922,-7504,-3264,544
13949,-6784,-2672,496
13976,-6784,-1952,848
14003,-6800,-2048,704
14030,-6848,-2528,640
14057,-6976,-2720,624
14084,-6416,-2672,464
14111,-5712,-2384,432
14139,-5120,-2528,480
14166,-4896,-2480,416
14193,-4832,-2432,384
14220,-4880,-2480,448
14247,-5072,-2592,688
14274,-4976,-2512,848
14301,-4976,-2608,816
14328,-5408,-3200,752
14355,-6208,-4288,944
14382,-7280,-5456,1136
14410,-7296,-5744,736
14437,-9600,-5280,-480
14466,-12640,-6672,464
14494,-10560,-7904,1056
14523,-8640,-6528,272
14550,-6752,-4960,-64
14577,-5856,-3680,-64
14604,-7408,-3824,-272
14632,-8352,-4320,-240
14660,-8256,-4640,-64
14687,-8080,-4608,-112
14716,-7200,-4176,-112
14744,-6464,-3840,-288
14772,-6256,-3408,-288
14800,-6096,-2992,-208
14828,-6528,-2912,-32
14855,-6688,-2368,128
14882,-6800,-2544,256
14909,-6848,-2416,368
14936,-7056,-2448,336
14964,-7488,-2784,416
14991,-7984,-2896,480
15018,-8224,-2736,432
15045,-9168,-2288,144
15072,-10352,-2304,416
15100,-9360,-2400,576
15127,-8736,-2736,656
15154,-7360,-3440,944
15181,-6784,-3856,1312
15209,-7280,-4656,1632
15237,-7248,-4640,1456
15266,-7744,-3360,736
15293,-7792,-2512,560
15320,-6752,-2528,704
15347,-5856,-2784,640
15374,-5360,-3408,448
15401,-5168,-3664,128
15428,-5328,-4000,0
15453,-5648,-3632,-16
15480,-6144,-3568,32
15506,-6432,-3920,176
15533,-6880,-4144,336
15560,-7168,-4416,480
15587,-7568,-4480,400
15615,-8208,-4752,448
15642,-8768,-4768,992
15669,-9216,-4528,672
15696,-9424,-4672,208
15723,-10048,-5296,208
15751,-10432,-5840,176
15779,-9360,-5312,-304
15807,-8528,-5136,-32
15834,-8496,-5232,-320
15862,-6864,-4368,-448
15891,-7760,-3984,-1168
15920,-8080,-4112,-1536
15949,-8192,-4592,-1376
15978,-8240,-4000,-1296
16007,-7968,-3776,-1136
16036,-7824,-3984,-1216
16066,-7552,-3600,-960
16094,-6624,-3328,-400
16122,-6256,-3264,-272
16150,-5664,-2864,-96
16177,-5712,-2448,-320
16205,-5952,-2800,-96
16232,-6288,-2368,144
16259,-6272,-2320,560
16286,-6320,-2080,576
16314,-6960,-1840,416
16341,-7504,-1776,592
16368,-7712,-1888,1232
16396,-9472,-2288,976
16423,-10912,-2880,416
16451,-9328,-3136,416
16478,-8720,-3088,720
16505,-8096,-4288,944
16532,-8592,-4720,960
16559,-10176,-6000,976
16587,-9632,-5840,-144
16616,-8672,-4368,-832
16644,-8576,-2288,64
16670,-6016,-3680,16
16696,-5760,-3616,-64
16723,-5408,-3392,-544
16751,-5296,-4048,-704
16779,-5600,-4000,-688
16807,-5440,-3920,-432
16835,-5312,-3792,-208
16864,-5696,-3952,-224
16892,-6080,-4784,256
16919,-7136,-5728,624
16946,-8288,-6768,800
16973,-9328,-7424,288
17000,-9312,-7056,-192
17028,-11728,-7552,176
17056,-11936,-7680,544
17084,-7792,-6016,288
17111,-7568,-4544,352
17139,-7328,-4240,80
17165,-9472,-4576,-240
17193,-9424,-4560,-128
17221,-9360,-4400,144
17248,-8624,-4000,208
17275,-8208,-3600,80
17301,-8048,-3280,0
17326,-7936,-3328,-32
17353,-7872,-3024,-144
17381,-7712,-2848,0
17406,-7776,-2608,16
17432,-7536,-2416,112
17459,-7680,-2288,208
17486,-8080,-2528,368
17514,-8000,-2704,336
17541,-7760,-2112,336
17568,-7008,-1488,672
17595,-7264,-800,512
17621,-8720,-1408,560
17648,-7744,-2256,592
17675,-7616,-2608,592
17702,-7664,-3424,736
17729,-7648,-3792,608
17756,-8160,-4288,976
17783,-9696,-5440,1152
17811,-10272,-5328,784
17840,-8848,-4560,-208
17868,-7360,-4032,400
17895,-6704,-3344,528
17922,-6272,-4288,336
17949,-6512,-3648,144
17976,-6688,-4208,416
18003,-7104,-4080,272
18030,-6416,-4096,336
18057,-6416,-4608,640
18084,-6480,-4384,768
18111,-6976,-5216,928
18139,-7808,-6400,1184
18167,-7904,-6944,688
18194,-8576,-6672,496
18221,-9056,-5808,160
18248,-12128,-6704,848
18276,-8464,-6176,784
18303,-7168,-4880,32
18329,-7760,-4784,192
18356,-8560,-4704,16
18382,-9664,-4736,-192
18410,-10480,-4736,-64
18439,-10400,-4592,144
18467,-9520,-4256,32
18493,-8528,-3824,-256
18521,-8272,-3200,-208
18549,-8128,-3072,-224
18577,-7968,-2864,-144
18605,-7888,-2400,-160
18633,-7680,-2368,-16
18660,-7440,-2592,176
18687,-7568,-2496,144
18715,-7728,-2544,224
18742,-7680,-2480,224
18769,-7440,-2368,512
18796,-6576,-2032,512
18823,-6176,-2112,464
18850,-8656,-2528,736
18877,-8224,-2608,752
18904,-7984,-2960,1200
18932,-7536,-3584,1200
18960,-8128,-3952,1232
18989,-8944,-4928,1440
19017,-9472,-5200,944
19044,-9536,-4752,-480
19072,-9376,-3904,16
19098,-8224,-1904,768
19125,-6672,-4272,752
19152,-6688,-4032,256
19179,-6704,-4112,112
19206,-6544,-4784,224
19233,-6624,-4352,496
19260,-6720,-4672,464
19287,-6688,-4752,240
19315,-7200,-5888,736
19342,-7968,-6608,704
19369,-8912,-7280,400
19396,-9056,-7232,176
19423,-11888,-7840,256
19451,-11200,-7552,480
19479,-10800,-5568,256
19507,-7472,-4480,192
19534,-7792,-4288,-96
19561,-9008,-4352,-304
19590,-9888,-4240,-64
19617,-10192,-4384,112
19645,-9200,-4192,192
19672,-8576,-3920,112
19699,-8240,-3200,-352
19727,-8112,-2816,-288
19755,-7984,-3120,-416
19783,-8064,-2784,-240
19811,-7440,-2736,-208
19840,-7056,-2608,-192
19868,-7024,-2528,-144
19896,-6992,-2640,-288
19924,-7632,-2576,-240
19952,-7552,-2432,-208
19980,-6496,-2304,80
20006,-6752,-2080,336
20033,-8176,-2496,752
20060,-7392,-2784,464
20087,-7760,-2576,384
20115,-6944,-3376,1120
20143,-6928,-4096,1488
20171,-8048,-4864,1248
20199,-8992,-6048,1200
20227,-8928,-5760,800
20254,-9152,-5680,-64
20281,-8944,-4192,560
20308,-8128,-2928,976
20335,-6592,-4960,480
20362,-7008,-2640,288
20390,-6304,-4288,-64
20417,-6176,-4016,448
20444,-6544,-4160,288
20471,-6336,-4240,448
20498,-5936,-4224,384
20525,-6288,-4352,752
20552,-6080,-4688,800
20579,-6544,-5712,800
20606,-7312,-7264,512
20633,-8736,-7248,176
20660,-9840,-8048,416
20687,-12528,-7584,416
20716,-8240,-5296,128
20743,-8144,-4208,288
20770,-8160,-4144,16
20796,-8832,-4032,-272
20824,-9456,-3952,-176
20852,-9408,-4192,112
20879,-8688,-4416,128
20906,-8192,-4336,-48
20933,-8032,-3984,-368
20961,-7824,-3392,-432
20990,-7584,-3104,-416
21018,-7488,-2640,-32
21045,-7568,-2304,-240
21073,-7280,-2256,-144
21101,-6672,-2432,-96
21128,-6976,-2608,-96
21155,-7072,-2736,160
21182,-7440,-2752,112
21209,-7232,-2656,320
21236,-7696,-2352,272
21264,-9856,-2400,304
21291,-8448,-2576,688
21318,-7296,-2656,928
21345,-6944,-3152,1440
21373,-6768,-3488,1728
21401,-7728,-3984,1488
21429,-8752,-4400,1568
21457,-8720,-4256,1088
21485,-8720,-3280,1136
21514,-8192,-2992,944
21541,-7808,-1760,1392
21569,-6496,-4272,992
21596,-6912,-3168,544
21623,-6688,-4128,192
21650,-6976,-3584,160
21677,-6624,-3984,464
21704,-6544,-4080,496
21731,-6608,-3968,352
21758,-6672,-4096,544
21785,-7008,-4432,1280
21814,-7536,-4656,1456
21842,-8144,-5184,1472
21870,-8176,-5520,1600
21898,-7808,-5840,640
21925,-12016,-6960,1232
21954,-12384,-7840,2000
21983,-9408,-6432,368
22010,-8464,-4432,512
22037,-6784,-3520,528
22065,-7168,-3440,-16
22092,-7264,-3760,-208
22120,-8304,-4144,192
22147,-9376,-4608,512
22174,-9456,-4848,448
22201,-9296,-4368,128
22228,-9088,-3824,-224
22256,-8976,-3488,-208
22284,-8784,-2992,-128
22312,-8368,-2208,-160
22341,-7584,-2048,-128
22369,-6832,-2224,-128
22397,-6832,-2288,48
22423,-6592,-2496,64
22449,-6448,-2624,176
22476,-6048,-2480,320
22503,-5040,-2192,528
22530,-4368,-2032,704
22557,-4672,-1824,512
22584,-7536,-2032,992
22611,-7840,-2896,1184
22640,-8592,-3472,1088
22668,-8384,-4368,1840
22696,-8080,-5200,2656
22724,-8928,-5808,2048
22752,-9504,-6336,768
22779,-9184,-5776,608
22806,-9280,-4240,560
22833,-9664,-2768,416
22860,-9024,-1872,1248
22889,-8160,-2336,1488
22917,-8240,-3280,1072
22945,-6944,-3408,832
22972,-6592,-3824,320
22999,-6368,-3824,80
23025,-6080,-3456,272
23052,-6016,-3136,256
23079,-6240,-3120,480
23106,-6464,-3296,384
23133,-6256,-3552,304
23160,-6432,-3872,784
23187,-7376,-3760,1120
23216,-8160,-3840,880
23243,-7728,-4368,1152
23271,-7344,-4656,1376
23299,-7072,-4544,1376
23327,-7152,-4000,960
23354,-7600,-3712,864
23381,-7936,-3808,800
23408,-8240,-2784,672
23435,-7888,-2560,688
23462,-7184,-2800,640
23490,-7024,-3328,384
23517,-6960,-3088,48
23543,-7296,-3520,48
23569,-8112,-3792,-176
23597,-8480,-3728,-64
23624,-8272,-3632,96
23650,-7520,-3584,128
23677,-6720,-3344,-32
23704,-6464,-3200,-80
23731,-6928,-3184,-144
23759,-7328,-2944,-224
23787,-7680,-2816,-160
23816,-7680,-2816,-256
23844,-7808,-3008,-192
23872,-6848,-3184,-176
23900,-6656,-3456,208
23927,-6704,-3552,304
23954,-6704,-3360,304
23981,-6832,-3168,304
24008,-6928,-2992,368
24035,-6960,-2976,496
24062,-7024,-3072,544
24090,-7104,-3408,672
24117,-7312,-3680,768
24144,-7536,-3856,912
24171,-7536,-3792,1104
24199,-7664,-3824,1328
24227,-7712,-3680,1488
24255,-7824,-3344,1600
24283,-7808,-4192,1168
24311,-7392,-4080,1088
24340,-7360,-3408,768
24367,-7248,-3936,592
24394,-7232,-3568,448
24421,-7152,-3632,432
24448,-7120,-3584,336
24475,-7184,-3520,320
24502,-7200,-3520,240
24529,-7168,-3456,256
24556,-7216,-3440,256
24583,-7200,-3344,256
24610,-7136,-3296,240
24637,-7136,-3248,272
24665,-7200,-3376,384
24692,-7120,-3328,512
24719,-7152,-3248,256
24746,-6976,-3280,304
24773,-7040,-3360,432
24800,-7120,-3376,416
24827,-7168,-3344,704
24854,-7200,-3376,576
24881,-7184,-3408,688
24908,-7184,-3440,688
24935,-7232,-3456,752
24962,-7184,-3504,768
24990,-7168,-3552,752
25017,-7152,-3632,768
25044,-7232,-3520,752
25071,-7248,-3664,656
25098,-7264,-4000,592
25125,-7104,-3792,528
25152,-7152,-3440,496
25179,-7152,-3664,592
25206,-7216,-3680,496
25233,-7232,-3616,464
25260,-7232,-3552,400
25287,-7184,-3568,384
25315,-7168,-3616,320
25342,-7216,-3632,432
25369,-7264,-3584,352
25396,-7104,-3520,448
25423,-7184,-3520,304
25450,-7200,-3488,512
25477,-7168,-3520,384
25504,-7136,-3456,464
25531,-7184,-3408,592
25558,-7184,-3360,528
25585,-7216,-3360,528
25612,-7200,-3344,576
25640,-7184,-3408,560
25667,-7216,-3360,608
25694,-7232,-3360,560
25721,-7232,-3376,560
25748,-7232,-3440,560
25775,-7184,-3488,544
25802,-7152,-3472,496
25829,-7136,-3552,464
25856,-7248,-3552,480
25883,-7216,-3520,496
25910,-7136,-3520,496
25937,-7120,-3568,496
25965,-7152,-3504,352
25992,-7120,-3456,496
26019,-7216,-3456,496
26046,-7280,-3472,448
26073,-7248,-3536,400
26100,-7136,-3472,432
26127,-7168,-3472,496
26154,-7200,-3440,464
26181,-7184,-3408,560
26208,-7216,-3360,512
26235,-7184,-3488,512
26262,-7152,-3552,592
26290,-7200,-3536,512
26317,-7184,-3424,576
26344,-7232,-3440,560
26371,-7216,-3504,512
26398,-7248,-3552,528
26425,-7152,-3536,528
26452,-7136,-3488,496
26479,-7168,-3472,448
26506,-7264,-3472,496
26533,-7200,-3440,448
26560,-7152,-3424,448
26587,-7184,-3504,400
26615,-7104,-3472,512
26642,-7280,-3424,384
26669,-7248,-3424,464
26696,-7152,-3488,480
26723,-7168,-3472,544
26750,-7152,-3456,528
26777,-7152,-3456,512
26804,-7216,-3424,512
26831,-7232,-3520,432
26858,-7216,-3536,464
26885,-7168,-3616,528
26912,-7168,-3600,464
26940,-7216,-3584,560
26967,-7136,-3520,480
26994,-7184,-3504,544
27021,-7168,-3472,544
27048,-7168,-3520,480
27075,-7200,-3552,528
27102,-7168,-3504,560
27129,-7280,-3488,480
27156,-7200,-3472,528
27183,-7216,-3456,464
27210,-7088,-3456,464
27237,-7104,-3456,528
27265,-7040,-3488,432
27292,-7248,-3488,464
27319,-7184,-3504,448
27346,-7120,-3472,496
27373,-7136,-3536,448
27400,-7248,-3488,512
27427,-7168,-3488,480
27454,-7232,-3488,464
27481,-7184,-3520,528
27508,-7136,-3616,528
27535,-7136,-3488,496
27562,-7120,-3472,544
27590,-7152,-3440,512
27617,-7264,-3488,432
27644,-7216,-3504,464
27671,-7216,-3616,464
27698,-7104,-3584,448
27725,-7200,-3408,432
27752,-7200,-3472,480
27779,-7168,-3520,480
27806,-7120,-3552,432
27833,-7104,-3488,400
27860,-7248,-3536,432
27887,-7088,-3488,464
27915,-7184,-3488,432
27942,-7136,-3552,464
27969,-7200,-3472,464
27996,-7232,-3472,480
28023,-7184,-3504,464
28050,-7168,-3520,432
28077,-7152,-3520,448
28104,-7200,-3536,480
28131,-7184,-3424,464
28158,-7232,-3440,432
28185,-7136,-3520,480
28212,-7168,-3472,448
28240,-7232,-3568,528
28267,-7216,-3552,512
28294,-7200,-3568,432
28321,-7184,-3504,496
28348,-7120,-3520,512
28375,-7072,-3504,528
28402,-7056,-3440,528
28429,-7184,-3456,416
28456,-7216,-3520,432
28483,-7296,-3600,416
28510,-7200,-3584,512
28537,-7056,-3520,496
28565,-7104,-3424,496
28592,-7120,-3536,448
28619,-7152,-3568,416
28646,-7152,-3504,448
28673,-7168,-3536,496
28700,-7216,-3536,480
28727,-7200,-3520,448
28754,-7136,-3520,464
28781,-7200,-3520,432
28808,-7152,-3440,480
28835,-7136,-3504,448
28862,-7152,-3568,448
28890,-7152,-3520,448
28917,-7184,-3552,464
28944,-7168,-3504,416
28971,-7280,-3456,432
28998,-7120,-3520,416
29025,-7184,-3552,448
29052,-7088,-3456,416
29079,-7280,-3520,416
29106,-7040,-3552,240
29133,-7056,-3600,576
29160,-7088,-3568,544
29187,-7152,-3568,704
29215,-7232,-3472,448
29242,-7152,-3472,496
29269,-7232,-3504,480
29296,-7232,-3504,416
29323,-7232,-3536,416
29350,-7200,-3552,416
29377,-7168,-3488,400
29404,-7200,-3472,400
29431,-7200,-3456,400
29458,-7152,-3472,352
29485,-7168,-3520,384
29512,-7216,-3488,400
29540,-7232,-3520,416
29567,-7296,-3520,432
29594,-7120,-3472,416
29621,-7184,-3472,400
29648,-7184,-3440,416
29675,-7184,-3504,432
29702,-7104,-3552,464
29729,-7088,-3536,416
29756,-7152,-3520,464
29783,-7200,-3568,480
29810,-7184,-3472,864
29837,-7024,-3312,416
29865,-6976,-3312,624
29892,-7072,-3392,640
29919,-7104,-3488,656
29946,-7104,-3440,720
29973,-7056,-3360,800
30000,-7088,-3488,816
30027,-7152,-3600,752
30054,-7136,-3552,688
30081,-7200,-3568,720
30108,-7200,-3616,608
30135,-7168,-3552,560
30162,-7168,-3552,544
30190,-7264,-3632,400
30217,-7280,-3616,384
30244,-7184,-3520,320
30271,-7024,-3328,304
30298,-6816,-3296,256
30325,-7008,-3376,240
30352,-7376,-3456,160
30379,-7536,-3488,64
30405,-7616,-3488,48
30431,-7520,-3344,96
30457,-7472,-3328,-32
30484,-7104,-3376,64
30510,-7184,-3424,-16
30537,-7216,-3344,-64
30565,-7328,-3216,-16
30592,-7552,-3280,-64
30619,-7712,-3504,-144
30647,-7536,-3584,-144
30675,-7280,-3520,-64
30702,-7136,-3472,-16
30729,-7152,-3344,32
30755,-7264,-3280,-32
30782,-7248,-3248,-176
30810,-6992,-3328,-48
30837,-6992,-3280,-64
30865,-7200,-3392,144
30892,-7232,-3424,-32
30919,-7312,-3360,160
30946,-7392,-3456,160
30973,-7584,-3552,112
31000,-7488,-3488,96
31026,-7264,-3472,128
31053,-7536,-3536,288
31080,-7312,-3552,288
31107,-7264,-3488,288
31134,-7360,-3552,336
31161,-7536,-3456,288
31188,-7520,-3296,272
31216,-7520,-3328,336
31243,-7360,-3408,160
31270,-7344,-3536,256
31297,-7360,-3472,288
31324,-7376,-3168,416
31351,-7440,-2944,480
31378,-7264,-2992,672
31405,-7200,-3136,752
31432,-7216,-3168,624
31459,-7216,-3184,672
31486,-7392,-3088,800
31513,-7504,-3104,912
31541,-7440,-3120,1056
31569,-7248,-3216,1056
31597,-6992,-3024,1120
31625,-6960,-2992,1120
31653,-6944,-3296,1168
31681,-7392,-3376,1040
31709,-7248,-2848,960
31736,-7184,-3328,1024
31765,-7152,-3136,992
31792,-7088,-2976,784
31819,-7264,-3232,864
31846,-7424,-3168,544
31873,-7248,-3168,576
31900,-7200,-3328,800
31927,-7056,-3440,704
31954,-6944,-3408,480
31981,-6880,-3280,784
32008,-6960,-3280,688
32035,-6928,-3328,672
32062,-7056,-3360,768
32090,-7152,-3376,800
32117,-7088,-3440,848
32144,-7024,-3440,864
32171,-7024,-3456,928
32198,-7072,-3392,912
32225,-7168,-3440,912
32252,-7216,-3488,800
32279,-7136,-3520,816
32306,-7056,-3472,864
32333,-6960,-3408,800
32360,-7136,-3328,880
32387,-7520,-3472,736
32415,-8032,-3616,800
32442,-7936,-3504,640
32469,-7712,-3456,512
32496,-7248,-3408,464
32523,-7200,-3440,432
32550,-7376,-3392,384
32577,-7264,-3216,416
32604,-7328,-3344,288
32631,-7152,-3552,336
32658,-6864,-3408,384
32685,-6736,-3328,320
32712,-6992,-3264,464
32740,-7408,-3216,480
32767,-7872,-3280,464
32794,-8064,-3424,432
32821,-7600,-3376,320
32848,-7184,-3200,336
32875,-6832,-3264,320
32902,-6880,-3184,288
32929,-7008,-3168,352
32956,-7056,-3184,352
32983,-7024,-3120,384
33010,-7056,-3168,352
33037,-7120,-3312,368
33065,-7216,-3312,256
33092,-7200,-3376,448
33119,-7584,-3408,352
33146,-7232,-3456,368
33173,-7232,-3568,304
33200,-7200,-3568,320
33227,-7216,-3552,384
33254,-7392,-3712,496
33281,-7616,-3696,512
33308,-7744,-3616,608
33335,-8064,-3632,640
33362,-7600,-3600,592
33390,-7472,-3696,624
33417,-7376,-3888,752
33444,-7440,-3936,816
33471,-7376,-3792,928
33498,-6832,-3552,896
33525,-6656,-3424,944
33552,-6656,-3328,896
33579,-6864,-3344,720
33606,-6928,-3344,624
33633,-7104,-3360,544
33660,-7136,-3344,496
33687,-7056,-3440,496
33715,-6992,-3520,512
33742,-6960,-3504,512
33769,-6848,-3392,480
33796,-6992,-3504,480
33823,-7024,-3664,416
33850,-7152,-3792,368
33877,-7184,-3808,336
33904,-7136,-3792,368
33931,-7168,-3776,432
33958,-7152,-3696,480
33985,-6976,-3520,560
34012,-6832,-3248,496
34040,-6928,-3248,528
34067,-7136,-3472,496
34094,-7360,-3760,416
34121,-7904,-3360,96
34147,-8288,-3232,96
34173,-8688,-2976,384
34200,-8672,-2784,288
34227,-8144,-3456,-48
34254,-7040,-3120,128
34281,-6704,-2784,-384
34309,-6592,-3104,-384
34337,-7232,-3536,-464
34366,-7552,-3744,-544
34394,-7040,-3696,-544
34422,-6800,-3648,-576
34450,-6464,-3664,-512
34478,-6336,-3616,-528
34506,-7024,-3552,-432
34534,-7424,-3504,-496
34562,-7488,-3600,-496
34591,-7200,-3792,-480
34619,-6912,-3984,-464
34647,-6944,-3872,-528
34675,-7328,-3808,-368
34703,-7488,-3440,-400
34731,-7584,-3184,-256
34759,-7584,-3184,-112
34787,-7568,-3280,-208
34816,-7888,-3408,-80
34843,-7664,-3376,-176
34871,-7392,-3392,-224
34899,-7200,-3392,-416
34927,-7216,-3376,-176
34955,-7488,-3344,-112
34983,-7872,-3264,0
35008,-7904,-3104,80
35034,-7856,-3088,160
35061,-7616,-3088,224
35088,-7136,-3328,496
35116,-7440,-3408,672
35143,-8064,-3376,704
35170,-8400,-3056,896
35197,-8048,-2528,720
35224,-6976,-2064,672
35251,-6320,-2032,576
35278,-6528,-2848,528
35305,-6832,-3232,592
35332,-7120,-3280,544
35359,-7088,-3072,608
35386,-6848,-2912,848
35413,-6704,-2928,1088
35442,-6752,-2896,1200
35470,-6944,-2944,1168
35498,-6896,-3088,1536
35526,-7360,-3488,1744
35554,-7504,-3696,1728
35582,-7296,-3648,1872
35610,-7152,-3440,1408
35638,-7040,-2944,1536
35667,-7216,-2704,1520
35695,-7248,-2672,1408
35723,-7264,-2960,1520
35751,-7136,-3296,1200
35779,-7152,-3280,1072
35807,-7232,-3184,1072
35835,-7312,-3072,1072
35863,-7616,-3104,1136
35892,-7504,-2944,992
35919,-7472,-2864,768
35946,-7392,-3024,944
35973,-7008,-3088,784
36000,-7104,-3040,832
36027,-7072,-2928,608
36054,-7040,-2944,832
36081,-7280,-3120,944
36108,-6912,-3280,784
36135,-6992,-3088,528
36162,-7088,-3136,640
36190,-7264,-3296,720
36217,-7808,-3424,752
36244,-7552,-3488,672
36271,-7216,-3280,608
36298,-7088,-3152,544
36325,-7120,-3232,512
36352,-7248,-3328,416
36379,-7536,-3504,320
36406,-7504,-3504,272
36433,-7280,-3712,416
36460,-7184,-3776,528
36487,-7200,-3712,576
36515,-7232,-3520,912
36542,-7184,-3408,800
36569,-7168,-3376,864
36596,-7248,-3360,768
36623,-7408,-3504,640
36650,-7392,-3648,688
36677,-7296,-3664,432
36704,-7216,-3664,656
36731,-7136,-3568,432
36758,-7168,-3504,512
36785,-7296,-3504,672
36812,-7216,-3360,560
36840,-7296,-3280,528
36867,-7232,-3328,464
36894,-7184,-3376,480
36921,-7152,-3472,448
36948,-7152,-3440,368
36975,-7152,-3440,432
37002,-7088,-3392,432
37029,-7200,-3440,416
37056,-7152,-3408,480
37083,-7200,-3440,480
37110,-7184,-3440,512
37137,-7232,-3424,448
37165,-7232,-3456,512
37192,-7296,-3472,496
37219,-7088,-3440,480
37246,-7104,-3456,608
37273,-7136,-3456,576
37300,-7184,-3488,848
37327,-7168,-3504,768
37354,-7376,-3552,672
37381,-7296,-3456,768
37408,-7328,-3504,352
37435,-7088,-3504,368
37462,-7104,-3632,416
37490,-7136,-3632,512
37517,-7152,-3536,544
37544,-7216,-3520,496
37571,-7200,-3584,512
37598,-7296,-3568,512
37625,-7216,-3584,432
37652,-7168,-3568,448
37679,-7152,-3568,352
37706,-7248,-3536,448
37733,-7200,-3504,400
37760,-7152,-3472,416
37787,-7152,-3472,480
37815,-7184,-3536,448
37842,-7136,-3456,448
37869,-7200,-3456,480
37896,-7168,-3328,480
37923,-7152,-3360,448
37950,-7168,-3568,416
37977,-7248,-3440,592
38004,-7168,-3424,336
38031,-7088,-3440,576
38058,-7296,-3488,528
38085,-7216,-3440,704
38112,-7200,-3472,560
38140,-7200,-3472,544
38167,-7136,-3520,512
38194,-7184,-3536,528
38221,-7200,-3488,448
38248,-7232,-3440,480
38275,-7216,-3504,512
38302,-7200,-3424,544
38329,-7200,-3440,480
38356,-7136,-3392,448
38383,-7152,-3424,464
38410,-7216,-3440,400
38437,-7216,-3456,448
38465,-7248,-3360,384
38492,-7136,-3408,352
38519,-7152,-3488,560
38546,-7152,-3488,608
38573,-7200,-3456,496
38600,-7200,-3456,512
38627,-7232,-3488,464
38654,-7216,-3472,480
38681,-7136,-3440,416
38708,-7120,-3520,464
38735,-7136,-3392,512
38762,-7168,-3424,528
38790,-7200,-3376,512
38817,-7264,-3456,432
38844,-7232,-3488,464
38871,-7184,-3536,432
38898,-7216,-3520,448
38925,-7168,-3376,480
38952,-7216,-3376,464
38979,-7184,-3392,480
39006,-7200,-3440,416
39033,-7184,-3472,448
39060,-7248,-3488,448
39087,-7232,-3424,448
39115,-7248,-3408,464
39142,-7216,-3472,400
39169,-7232,-3456,464
39196,-7152,-3440,480
39223,-7248,-3440,448
39250,-7200,-3456,480
39277,-7264,-3488,496
39304,-7232,-3488,448
39331,-7200,-3392,480
39358,-7200,-3440,448
39385,-7168,-3456,400
39412,-7232,-3440,480
39440,-7232,-3424,400
39467,-7216,-3424,384
39494,-7168,-3408,368
39521,-7232,-3408,480
39548,-7200,-3392,464
39575,-7264,-3408,448
39602,-7152,-3456,480
39629,-7184,-3424,512
39656,-7184,-3424,528
39683,-7168,-3408,528
39710,-7200,-3360,496
39737,-7232,-3520,480
39765,-7200,-3488,448
39792,-7264,-3504,496
39819,-7264,-3424,496
39846,-7168,-3408,512
39873,-7200,-3376,528
39900,-7168,-3424,528
39927,-7216,-3440,400
39954,-7200,-3488,432
39981,-7264,-3472,400
40008,-7232,-3408,464
40035,-7328,-3456,496
40062,-7312,-3376,448
40090,-7312,-3392,448
40117,-7328,-3440,480
40144,-7264,-3344,480
40171,-7200,-3232,560
40198,-7184,-3184,496
40225,-7200,-3280,592
40252,-7264,-3296,608
40279,-7376,-3328,720
40306,-7216,-3328,800
40333,-7200,-3152,944
40360,-7216,-3088,1280
40388,-6992,-3472,1616
40417,-6848,-3680,1120
40445,-6896,-3696,928
40472,-6560,-3664,496
40499,-5648,-3584,368
40526,-4944,-3536,16
40552,-5536,-4064,-96
40579,-6976,-5088,224
40606,-8128,-5936,320
40633,-8128,-5456,-64
40660,-8176,-4960,160
40687,-7264,-5024,512
40715,-6272,-5152,480
40742,-5888,-5104,352
40769,-6208,-5008,384
40796,-6704,-4544,480
40823,-6896,-4000,448
40850,-7088,-3824,432
40877,-7312,-3648,384
40904,-7472,-3600,208
40931,-7264,-3552,192
40958,-7232,-3408,144
40985,-7392,-3456,96
41011,-7776,-3664,192
41038,-7792,-3808,640
41066,-8320,-3904,240
41093,-10048,-3456,352
41121,-8672,-2560,464
41148,-8544,-1904,464
41175,-8096,-2368,400
41202,-8320,-3344,704
41229,-8704,-3424,432
41256,-7568,-1728,32
41282,-7360,-848,144
41308,-7248,-1616,480
41335,-7408,-2096,256
41362,-6928,-2720,-48
41390,-6368,-2448,224
41417,-5504,-1952,416
41444,-4832,-2128,368
41471,-4864,-2608,416
41498,-5072,-2832,352
41525,-5488,-3040,560
41552,-5776,-3232,800
41579,-6080,-3088,960
41606,-6448,-3488,864
41633,-7152,-4112,1088
41661,-7968,-4816,1200
41689,-8080,-4848,1280
41718,-9008,-5024,736
41745,-12032,-5552,864
41773,-11616,-6144,1616
41802,-8704,-5312,1024
41830,-7984,-4736,816
41857,-7872,-4032,592
41884,-7296,-3968,336
41911,-7952,-3776,128
41938,-8400,-3792,240
41966,-8240,-3680,240
41993,-6528,-3664,16
42019,-6000,-3232,48
42045,-6016,-2896,80
42071,-5936,-2848,128
42098,-6304,-2656,144
42125,-6576,-2496,192
42152,-6672,-2400,160
42179,-6880,-2272,160
42206,-7632,-2320,208
42233,-8512,-2512,256
42260,-9120,-2672,304
42287,-9344,-2544,448
42314,-8576,-1856,496
42342,-10480,-2000,304
42370,-9392,-2336,432
42397,-7600,-2128,608
42424,-7520,-2800,832
42451,-6896,-3088,640
42478,-7472,-3200,1184
42506,-7920,-3504,1392
42534,-7872,-3168,1120
42562,-7904,-2928,624
42589,-6400,-2592,1120
42618,-5728,-2880,880
42645,-5056,-3248,928
42672,-5360,-3104,608
42699,-5536,-3168,640
42726,-5840,-3424,800
42753,-5888,-4016,1168
42781,-6064,-4016,1456
42809,-6304,-4496,1456
42837,-7024,-4784,1792
42866,-7952,-4944,2208
42894,-8944,-5376,1936
42922,-10192,-5344,1280
42951,-13312,-6464,1696
42980,-11536,-6240,1712
43009,-11232,-4880,1024
43038,-7296,-4048,1008
43067,-6672,-3984,512
43094,-7424,-3952,192
43121,-8240,-3920,240
43148,-8384,-3920,480
43175,-7616,-3600,448
43202,-6944,-3104,176
43229,-6528,-2752,16
43255,-6464,-2832,-128
43283,-6400,-2768,0
43308,-7056,-2656,-32
43335,-7040,-2368,-48
43362,-7264,-2432,-48
43389,-7712,-2560,-80
43417,-8240,-2688,-128
43445,-8672,-2656,96
43471,-8304,-2320,400
43498,-7008,-1936,720
43525,-8336,-1968,64
43551,-9360,-2640,592
43578,-8496,-2864,928
43605,-8384,-3168,1104
43633,-7168,-3280,1056
43661,-7264,-3184,1168
43689,-7072,-3328,1216
43718,-7056,-3152,1184
43746,-6800,-3056,656
43773,-6624,-2528,704
43800,-6624,-2480,752
43827,-6256,-3696,608
43854,-6400,-3200,576
43881,-6560,-4368,640
43908,-6864,-4640,816
43935,-6720,-4320,912
43962,-6544,-4656,928
43989,-6640,-4432,912
44017,-6960,-5296,1088
44045,-8368,-5536,1264
44073,-9376,-5520,1280
44101,-10096,-5168,784
44129,-10304,-5840,1424
44158,-10560,-5776,1328
44187,-8864,-4896,1024
44216,-6672,-4384,512
44243,-6624,-4256,352
44270,-7440,-4432,304
44297,-8128,-4448,448
44324,-8368,-4080,16
44350,-8224,-3760,128
44377,-7296,-3472,-48
44404,-7056,-2896,-64
44431,-6768,-2544,240
44458,-6944,-2784,160
44485,-6928,-2720,64
44511,-6864,-2240,48
44537,-7152,-2288,160
44564,-7536,-2336,16
44591,-8176,-2528,0
44616,-8464,-2672,400
44643,-8528,-2656,688
44670,-8528,-2304,192
44697,-8448,-2096,352
44724,-10592,-2304,224
44752,-9408,-2064,896
44779,-6384,-2720,1056
44807,-5856,-2992,1120
44835,-7712,-3264,1056
44863,-8864,-3600,1104
44892,-8912,-3024,704
44919,-8304,-2912,-544
44947,-7008,-3024,640
44974,-6896,-2624,688
45001,-5968,-4432,656
45028,-5152,-4672,176
45055,-5264,-4272,384
45082,-5712,-4432,416
45109,-6176,-4048,784
45136,-6336,-3776,1040
45164,-6176,-4672,992
45192,-7536,-5392,1296
45220,-8304,-6864,1120
45248,-9168,-6320,1040
45276,-8832,-5504,720
45303,-11568,-5744,944
45331,-10240,-6208,1408
45360,-7680,-5376,352
45387,-8656,-4880,384
45414,-7904,-4848,272
45442,-8464,-4384,-176
45470,-8768,-4272,-16
45497,-8672,-4304,128
45524,-7936,-4192,32
45550,-7472,-3664,-256
45578,-7040,-3168,-304
45606,-6816,-2608,-224
45634,-6800,-2624,-64
45661,-6784,-2288,-160
45689,-6768,-2128,-144
45718,-6992,-2400,-192
45746,-7600,-2528,-112
45774,-8224,-2640,96
45800,-8336,-2656,0
45825,-8144,-2576,224
45852,-7920,-2480,224
45879,-8192,-2944,272
45906,-10288,-2960,400
45934,-9568,-2176,832
45961,-6512,-2496,1328
45989,-6288,-3088,1072
46018,-8304,-3136,928
46045,-9024,-3728,1264
46073,-8624,-3456,912
46100,-8256,-2592,848
46127,-6784,-3120,528
46154,-5952,-3104,592
46181,-5392,-4720,672
46208,-6256,-3824,304
46235,-5952,-4608,416
46262,-6560,-3856,576
46289,-6560,-3744,768
46317,-6272,-4000,816
46344,-6512,-4384,880
46371,-6816,-5568,1088
46399,-7584,-6352,1280
46427,-7616,-6800,752
46454,-9488,-6432,464
46481,-12096,-6288,496
46509,-12512,-6304,1136
46538,-9648,-5152,576
46566,-8048,-4416,544
46593,-6688,-4272,352
46620,-7312,-4192,-144
46648,-8160,-4416,-80
46675,-8352,-4224,144
46702,-8320,-4016,64
46728,-7824,-3648,-176
46756,-7440,-3024,-240
46784,-7136,-2880,-256
46812,-7024,-2752,-80
46839,-6576,-2272,-80
46867,-6400,-2208,-112
46895,-6336,-2208,-240
46923,-6624,-2400,-432
46951,-7328,-2592,-368
46979,-7840,-2704,-112
47007,-8176,-2656,-32
47034,-8192,-2560,128
47061,-7856,-2512,192
47088,-7760,-2720,208
47116,-10208,-3024,512
47144,-7936,-2576,704
47171,-7344,-3040,1216
47199,-6208,-3488,1600
47227,-7520,-3440,1184
47255,-8704,-4016,1472
47283,-8768,-3952,640
47310,-8960,-3328,720
47337,-8480,-2448,880
47364,-6560,-4096,992
47392,-6096,-4080,688
47419,-6032,-4112,592
47446,-5568,-4032,240
47473,-5520,-3312,336
47500,-5712,-3360,512
47527,-5728,-3360,432
47554,-6016,-3952,752
47581,-6176,-4304,1088
47609,-6976,-4736,1216
47637,-8096,-4976,1472
47666,-8656,-5408,1440
47694,-8816,-4736,416
47721,-8976,-5152,864
47748,-12128,-5824,1792
47777,-11168,-5056,672
47805,-8976,-4368,416
47832,-7200,-4064,416
47859,-7744,-4144,96
47885,-8416,-4240,32
47911,-8416,-4272,112
47938,-8896,-4192,80
47964,-8304,-3904,-240
47993,-7936,-3392,-224
48021,-8016,-3040,-160
48049,-7104,-3024,-96
48076,-6912,-2880,-192
48104,-6624,-2528,-144
48132,-6512,-2352,-160
48160,-6512,-2256,-256
48188,-6576,-2256,-224
48217,-7072,-2240,0
48242,-7360,-2448,64
48268,-7760,-2464,192
48295,-7744,-2368,160
48322,-6688,-2384,336
48349,-8640,-2464,416
48376,-9904,-3344,784
48403,-8160,-3056,1008
48431,-8192,-2816,1248
48459,-7456,-3664,1552
48487,-7392,-4240,1744
48516,-8624,-4736,1680
48544,-8496,-4288,1040
48572,-8768,-3552,-656
48600,-8832,-2384,640
48627,-7824,-2592,768
48654,-6800,-3408,592
48681,-6272,-3680,176
48708,-5744,-3968,64
48734,-5376,-4400,240
48761,-5440,-4128,240
48788,-5200,-4032,384
48816,-5152,-3712,704
48843,-6240,-3888,656
48870,-6768,-4208,768
48897,-7376,-5008,1280
48925,-8080,-5680,1568
48953,-8112,-5424,1216
48981,-9232,-4656,176
49008,-13280,-5520,928
49036,-11104,-6128,1392
49066,-7648,-4512,0
49091,-7344,-3600,-64
49118,-7664,-3712,0
49143,-7984,-4224,-400
49171,-8624,-4704,-848
49199,-8704,-5200,-816
49227,-8448,-5328,-384
49255,-8400,-4272,-624
49283,-8208,-3376,-688
49311,-8080,-3008,-496
49339,-8368,-3344,-480
49368,-8896,-3152,-512
49396,-8944,-2784,-368
49424,-8976,-2768,-256
49452,-7552,-2624,-208
49480,-6736,-2416,-80
49507,-5616,-2400,-80
49534,-4656,-2304,32
49560,-4160,-2048,240
49587,-4048,-1808,464
49614,-3568,-1328,416
49642,-2624,-1184,416
49669,-1600,-1520,416
49696,-1168,-2480,784
49723,-2864,-3584,1024
49751,-6464,-4336,1696
49779,-8944,-4256,560
49806,-9120,-3392,608
49833,-14192,-6272,1568
49862,-13376,-8256,2320
49892,-12816,-8384,1232
49921,-12688,-8144,704
49949,-12400,-8528,1920
49978,-8720,-6960,2832
50006,-8096,-5312,2720
50034,-7360,-3888,1568
50062,-7264,-2848,592
50089,-6032,-3536,0
50114,-5904,-3520,112
50142,-6016,-3952,176
50169,-6096,-4304,752
50196,-5744,-4176,672
50223,-6032,-3744,16
50249,-6560,-3776,320
50276,-7104,-3808,608
50303,-8080,-3952,720
50330,-8400,-4256,1728
50358,-7376,-4320,1936
50386,-6096,-4288,1264
50414,-6048,-4096,1120
50443,-6032,-4160,912
50470,-8272,-4032,656
50497,-8656,-4000,688
50524,-8368,-3488,752
50551,-7504,-3072,624
50578,-6768,-3056,432
50605,-6768,-3232,224
50632,-7472,-3792,224
50659,-7952,-3856,160
50686,-8352,-3568,192
50713,-8384,-3296,272
50741,-8096,-3136,400
50768,-7488,-3152,400
50795,-6992,-3296,336
50822,-6864,-3216,160
50849,-7264,-3088,208
50876,-7664,-3008,224
50903,-7808,-2848,224
50930,-7536,-2848,288
50957,-7072,-2880,272
50984,-6656,-2880,384
51011,-6464,-2880,528
51038,-6400,-2832,640
51066,-6624,-2752,704
51093,-6832,-2736,752
51120,-7040,-2816,816
51147,-6992,-2944,960
51174,-6976,-3136,1008
51202,-7216,-3344,1344
51230,-7360,-3600,1264
51258,-7552,-3696,1376
51286,-7504,-3776,1216
51314,-7712,-3712,1152
51343,-7728,-3584,1040
51371,-7840,-3568,1040
51399,-7792,-3456,688
51426,-7600,-3600,496
51453,-7392,-3744,480
51480,-7392,-3616,512
51507,-7328,-3776,432
51534,-7264,-3744,400
51561,-7136,-3760,400
51588,-7104,-3776,480
51616,-7184,-3696,544
51643,-7232,-3680,512
51670,-6864,-3760,480
51697,-7216,-3792,464
51724,-7232,-3904,560
51751,-7152,-3872,480
51778,-7248,-3872,784
51805,-7216,-3744,784
51832,-7200,-3664,592
51859,-7168,-3680,816
51886,-7200,-3536,624
51913,-7168,-3472,656
51941,-7120,-3408,592
51968,-7280,-3536,544
51995,-7296,-3552,496
52022,-7280,-3568,416
52049,-7312,-3504,464
52076,-7424,-3488,480
52103,-7360,-3536,416
52130,-7424,-3424,432
52157,-7488,-3328,432
52184,-7456,-3248,416
52211,-7376,-3248,432
52238,-7344,-3200,432
52266,-7328,-3232,304
52293,-7280,-3120,176
52320,-7296,-3072,416
52347,-7200,-2976,560
52374,-7168,-2944,288
52401,-7232,-2944,496
52428,-7136,-2944,416
52455,-7008,-3040,352
52482,-7152,-3088,416
52509,-7216,-3152,400
52536,-7024,-3136,560
52563,-7248,-3184,496
52591,-7232,-3344,624
52618,-7280,-3440,528
52645,-7376,-3424,560
52672,-7296,-3440,560
52699,-7232,-3488,496
52726,-7168,-3504,544
52753,-7216,-3648,496
52780,-7200,-3648,576
52807,-7232,-3648,496
52834,-7280,-3680,528
52861,-7264,-3584,528
52888,-7216,-3680,528
52916,-7104,-3712,688
52943,-7232,-3792,720
52970,-7024,-3696,624
52997,-7136,-3696,448
53024,-7280,-3760,720
53051,-7152,-3728,512
53078,-7184,-3696,320
53105,-7200,-3616,464
53132,-7232,-3632,640
53159,-7248,-3600,496
53186,-7232,-3504,512
53213,-7216,-3520,368
53241,-7200,-3424,480
53268,-7184,-3376,528
53295,-7248,-3344,464
53322,-7248,-3408,464
53349,-7296,-3408,528
53376,-7264,-3344,464
53403,-7264,-3264,464
53430,-7328,-3280,448
53457,-7280,-3312,480
53484,-7296,-3264,480
53511,-7280,-3248,400
53538,-7312,-3200,400
53566,-7264,-3120,432
53593,-7136,-3136,464
53620,-7120,-3152,448
53647,-7136,-3168,416
53674,-7248,-3232,608
53701,-7168,-3200,432
53728,-7264,-3280,528
53755,-7168,-3376,464
53782,-7232,-3392,608
53809,-7088,-3504,464
53836,-7296,-3440,576
53863,-7184,-3392,448
53891,-7248,-3520,512
53918,-7232,-3536,512
53945,-7200,-3552,528
53972,-7200,-3568,480
53999,-7184,-3520,528
54026,-7232,-3600,496
54053,-7216,-3632,512
54080,-7264,-3600,480
54107,-7232,-3616,528
54134,-7184,-3648,528
54161,-7216,-3616,544
54188,-7200,-3632,528
54216,-7200,-3568,624
54243,-7136,-3584,624
54270,-7152,-3520,384
54297,-7088,-3504,384
54324,-7168,-3456,432
54351,-7216,-3504,336
54378,-7200,-3424,576
54405,-7408,-3360,448
54432,-7232,-3424,416
54459,-7152,-3456,496
54486,-7056,-3392,608
54513,-7136,-3312,432
54541,-7248,-3296,496
54568,-7264,-3264,448
54595,-7328,-3280,448
54622,-7296,-3328,384
54649,-7216,-3360,336
54676,-7168,-3264,320
54703,-7216,-3360,384
54730,-7120,-3344,304
54757,-7184,-3344,368
54784,-7136,-3376,416
54811,-7120,-3456,368
54838,-7216,-3440,384
54866,-7200,-3488,336
54893,-7200,-3536,464
54920,-7360,-3504,528
54947,-7216,-3600,400
54974,-7232,-3472,432
55001,-7312,-3488,320
55028,-7168,-3456,208
55055,-7248,-3408,304
55082,-7200,-3440,320
55109,-7280,-3456,320
55136,-7232,-3536,336
55163,-7264,-3536,256
55191,-7216,-3520,368
55218,-7200,-3456,480
55245,-7152,-3936,592
55272,-7568,-3504,528
55299,-7696,-4048,320
55326,-7408,-4592,128
55353,-6960,-4992,-80
55380,-6624,-4960,-192
55408,-6336,-4880,-192
55436,-6192,-4608,-320
55464,-6080,-4480,-464
55493,-6192,-4464,-432
55521,-6112,-4720,-352
55549,-6176,-4336,-384
55577,-6304,-4224,-464
55605,-6176,-4256,-368
55633,-6512,-4080,-304
55661,-6576,-3808,-224
55689,-6624,-3648,-144
55718,-6768,-3504,-176
55746,-6800,-3776,-128
55774,-6752,-4112,-96
55801,-6800,-4160,-96
55828,-6768,-4016,-112
55856,-6800,-3984,-128
55884,-6800,-3888,-192
55912,-6976,-3936,0
55937,-7104,-4000,16
55963,-7152,-4016,64
55989,-7120,-3968,208
56017,-7024,-3792,144
56044,-7168,-3808,160
56071,-7200,-3920,208
56098,-7280,-3936,192
56125,-7248,-3904,240
56152,-7200,-3840,176
56179,-7152,-3760,176
56206,-7152,-3760,224
56233,-7088,-3744,240
56260,-7104,-3744,192
56287,-7104,-3792,256
56314,-7072,-3648,288
56342,-7168,-3552,208
56369,-7184,-3600,320
56396,-7024,-3568,272
56423,-7248,-3568,272
56450,-6992,-3568,304
56477,-7152,-3568,368
56504,-7232,-3456,368
56531,-7056,-3504,272
56558,-7232,-3488,576
56585,-7184,-3568,432
56612,-7120,-3648,144
56639,-7168,-3680,480
56667,-7312,-3536,368
56694,-7008,-3360,320
56721,-6720,-3424,352
56748,-6528,-3408,256
56775,-6832,-3440,240
56802,-7408,-3424,272
56829,-7808,-3536,208
56856,-8016,-3520,208
56883,-7968,-3456,224
56910,-7648,-3568,144
56937,-7152,-3584,80
56963,-6928,-3392,80
56989,-6736,-3536,48
57016,-6880,-3648,160
57043,-6864,-3584,224
57070,-6880,-3312,208
57097,-7024,-3280,304
57124,-7024,-3328,240
57151,-7072,-3376,224
57178,-7184,-3520,144
57205,-7264,-3648,208
57232,-7264,-3632,96
57258,-7360,-3552,208
57285,-7344,-3520,512
57312,-7200,-3456,416
57339,-8208,-3472,352
57367,-9104,-3824,496
57394,-8672,-3488,496
57421,-8112,-3072,576
57448,-7600,-3312,672
57475,-7264,-3696,912
57502,-7584,-3744,1168
57530,-7344,-3536,1232
57558,-6912,-2688,992
57585,-6672,-2288,960
57612,-6688,-2416,1104
57641,-7184,-2944,1040
57669,-7360,-3280,992
57696,-7264,-3392,1008
57724,-7136,-3152,1216
57752,-6448,-2784,1200
57780,-6448,-2464,1248
57808,-6592,-2640,1248
57836,-6864,-2896,1232
57864,-6880,-3152,1216
57893,-6704,-3136,1248
57921,-6560,-3056,1248
57949,-6416,-3056,1328
57977,-6272,-3088,1200
58005,-6352,-3280,1248
58033,-6304,-3392,1296
58061,-6960,-3424,1248
58089,-7440,-3440,960
58117,-9056,-3552,912
58144,-9936,-4160,1344
58172,-8768,-4080,992
58199,-8720,-3792,608
58226,-8208,-3856,288
58253,-7696,-3536,336
58280,-7472,-3456,224
58307,-7280,-3408,128
58334,-6752,-3472,224
58361,-6912,-3600,-64
58388,-7168,-3680,96
58414,-7216,-3648,144
58442,-7376,-3408,16
58468,-7248,-3280,96
58494,-7040,-3216,96
58520,-6976,-3152,64
58546,-7008,-3168,128
58573,-7248,-3264,176
58600,-7344,-3168,80
58626,-7232,-3200,112
58653,-7184,-3376,128
58680,-6976,-3520,-32
58707,-7088,-3616,32
58733,-7072,-3440,-48
58760,-7040,-3440,32
58786,-7040,-3568,224
58813,-7072,-3584,416
58840,-8000,-3552,320
58868,-8896,-3680,352
58895,-8160,-3696,528
58922,-7424,-3552,832
58949,-7312,-3648,912
58976,-7184,-3776,1136
59004,-7088,-3680,1376
59032,-6736,-3376,1312
59060,-6336,-2800,1168
59088,-6624,-3040,1344
59117,-6864,-3280,1392
59145,-6944,-3472,1312
59173,-7264,-3488,1152
59201,-7408,-3344,1280
59229,-7120,-3296,1072
59257,-7152,-3216,1184
59285,-6672,-3344,1072
59313,-6608,-3328,944
59340,-6688,-3296,880
59368,-6816,-3488,848
59395,-6944,-3584,784
59422,-6976,-3696,720
59449,-6944,-3584,768
59476,-6848,-3568,784
59503,-6768,-3488,816
59530,-6896,-3440,832
59557,-7008,-3440,800
59584,-7344,-3376,896
59611,-7504,-3280,752
59638,-7472,-3280,816
59665,-7744,-3408,624
59693,-8528,-3488,576
59720,-8208,-3520,704
59747,-7056,-3056,480
59774,-7024,-2704,144
59801,-7056,-2880,48
59827,-7296,-3008,-240
59855,-7744,-3488,-544
59883,-7584,-3792,-608
59911,-7168,-3888,-576
59939,-6528,-3856,-688
59968,-6448,-3808,-560
59996,-6816,-3792,-560
60024,-7408,-3648,-464
60052,-7536,-3600,-448
60080,-7824,-3616,-416
60108,-7744,-3472,-448
60136,-7536,-3248,-400
60164,-7312,-3184,-352
60193,-7296,-3376,-320
60221,-7472,-3392,-336
60249,-7424,-3344,-272
60277,-7376,-3184,-176
60305,-7536,-3184,-176
60333,-7664,-3088,-128
60361,-7584,-3056,-176
60389,-7360,-3072,-224
60418,-7504,-3184,-16
60445,-7600,-3232,16
60471,-7504,-3136,112
60498,-7488,-3120,176
60525,-7536,-3184,272
60552,-7488,-3216,320
60579,-7808,-3312,368
60606,-8208,-3536,416
60633,-7728,-3584,512
60660,-6912,-3168,576
60687,-6416,-3008,640
60714,-6704,-3136,656
60742,-7264,-3520,672
60769,-7232,-3776,736
60796,-7504,-3840,752
60823,-7360,-3984,624
60850,-6480,-3952,752
60877,-6304,-4128,608
60904,-6640,-4112,672
60931,-6752,-3840,864
60958,-6784,-3712,928
60985,-6896,-4016,880
61012,-7120,-4000,864
61039,-7168,-3760,640
61067,-7232,-3808,848
61094,-6896,-3632,720
61121,-6848,-3376,560
61148,-7136,-3440,480
61175,-7360,-3616,368
61202,-7504,-3424,368
61229,-7472,-3424,368
61256,-7200,-3392,384
61283,-6832,-3360,352
61310,-6720,-3360,384
61337,-6784,-3232,384
61364,-6880,-3200,368
61392,-7072,-3264,336
61419,-7072,-3376,480
61446,-7376,-3552,736
61473,-7200,-3712,448
61500,-7488,-3856,496
61527,-7424,-3728,848
61554,-7120,-3504,576
61581,-7152,-3360,624
61608,-7088,-3216,720
61635,-7296,-3520,576
61662,-7376,-3632,672
61689,-7312,-3616,480
61717,-7072,-3632,464
61744,-7104,-3568,624
61771,-7280,-3456,656
61798,-7360,-3360,672
61825,-7360,-3232,656
61852,-7456,-3344,592
61879,-7312,-3440,544
61906,-7248,-3472,512
61933,-7152,-3536,576
61960,-7136,-3344,608
61987,-7200,-3232,544
62014,-7184,-3280,544
62042,-7264,-3360,720
62069,-7344,-3408,704
62096,-7376,-3472,272
62123,-7280,-3392,512
62150,-7056,-3360,688
62177,-7200,-3520,608
62204,-7264,-3488,688
62231,-7120,-3472,480
62258,-7216,-3568,608
62285,-7200,-3504,496
62312,-7216,-3488,448
62339,-7168,-3584,560
62367,-7184,-3440,560
62394,-7248,-3360,512
62421,-7152,-3440,496
62448,-7184,-3440,480
62475,-7216,-3408,512
62502,-7232,-3488,528
62529,-7248,-3392,464
62556,-7232,-3392,432
62583,-7264,-3408,480
62610,-7264,-3424,384
62637,-7216,-3424,464
62664,-7120,-3328,480
62692,-7248,-3312,672
62719,-7184,-3344,464
62746,-7200,-3456,352
62773,-7280,-3440,592
62800,-7328,-3440,448
62827,-7136,-3424,544
62854,-7312,-3456,496
62881,-7216,-3392,544
62908,-7264,-3456,624
62935,-7248,-3424,464
62962,-7264,-3440,592
62989,-7248,-3328,752
63017,-7216,-3392,560
63044,-7200,-3472,528
63071,-7200,-3472,576
63098,-7248,-3376,544
63125,-7216,-3344,464
63152,-7232,-3376,528
63179,-7200,-3408,496
63206,-7168,-3424,480
63233,-7136,-3392,496
63260,-7232,-3408,480
63287,-7248,-3440,480
63314,-7296,-3376,448
63342,-7248,-3408,320
63369,-7056,-3440,528
63396,-7184,-3392,480
63423,-7152,-3360,448
63450,-7168,-3344,496
63477,-7296,-3424,512
63504,-7136,-3424,656
63531,-7344,-3536,560
63558,-7200,-3392,432
63585,-7232,-3408,736
63612,-7232,-3344,688
63639,-7280,-3328,352
63667,-7248,-3360,592
63694,-7264,-3424,496
63721,-7184,-3376,512
63748,-7264,-3392,528
63775,-7264,-3360,464
63802,-7232,-3440,560
63829,-7216,-3424,496
63856,-7232,-3408,496
63883,-7216,-3408,512
63910,-7264,-3408,544
63937,-7200,-3328,464
63964,-7168,-3424,416
63992,-7248,-3456,560
64019,-7184,-3440,416
64046,-7200,-3456,448
64073,-7264,-3376,432
64100,-7184,-3456,480
64127,-7120,-3376,384
64154,-7216,-3328,416
64181,-7328,-3328,368
64208,-7216,-3280,448
64235,-7328,-3392,400
64262,-7232,-3296,448
64289,-7408,-3328,336
64317,-7312,-3376,416
64344,-7152,-3280,352
64371,-7152,-3296,400
64398,-7232,-3200,416
64425,-7328,-3248,496
64452,-7200,-3200,448
64479,-7104,-3232,496
64506,-7056,-3168,464
64533,-7168,-3168,512
64560,-7280,-3248,512
64587,-7280,-3264,560
64614,-7040,-3456,576
64642,-6704,-3552,544
64669,-6320,-3712,848
64696,-5568,-3248,560
64723,-5488,-3536,112
64750,-6720,-4496,304
64777,-8160,-5232,32
64803,-8784,-5648,-288
64831,-8352,-4928,-256
64859,-7168,-4416,-16
64886,-5984,-4000,48
64912,-6032,-3904,192
64939,-6192,-4048,224
64967,-6608,-4080,272
64994,-6944,-4048,352
65021,-7328,-3760,352
65048,-7680,-3472,352
65075,-7888,-3184,352
65102,-8080,-2896,304
65129,-8176,-3072,352
65156,-8272,-3280,480
65183,-9536,-3552,208
65210,-11776,-4096,448
65238,-10144,-3376,448
65267,-8688,-2064,624
65294,-8544,-1408,496
65321,-8208,-1920,960
65348,-8304,-2864,960
65375,-8704,-2400,624
65402,-6992,-624,352
65428,-6912,224,528
65453,-7120,-144,880
65479,-6912,-224,768
65505,-7120,-480,384
65531,-6384,-1136,480
65558,-5680,-1920,496
65585,-5792,-2096,384
65612,-5792,-1904,528
65639,-5968,-1824,528
65667,-6176,-1888,512
65694,-6512,-2320,592
65721,-6704,-2928,672
65748,-6560,-3248,1024
65776,-6416,-3184,1264
65804,-6416,-3264,1488
65832,-6336,-3520,1536
65860,-7360,-3888,1632
65888,-8032,-4080,1696
65917,-8640,-3872,1104
65945,-12080,-4768,1664
65974,-11168,-5392,2000
66003,-9536,-4624,1104
66031,-6656,-3872,1216
66059,-5040,-3280,848
66086,-4912,-3504,672
66113,-6800,-3760,672
66140,-8176,-4048,576
66168,-9424,-3776,416
66195,-8416,-3408,352
66222,-7424,-2960,272
66249,-6784,-2752,256
66276,-6592,-2800,320
66303,-6432,-2608,336
66330,-6832,-2592,320
66357,-6960,-2592,352
66384,-7200,-2352,416
66411,-7120,-2368,560
66438,-7040,-2144,544
66465,-7392,-2032,752
66493,-7424,-2048,880
66520,-7408,-2064,944
66547,-7664,-2192,688
66574,-9952,-3040,384
66601,-11152,-3040,1120
66630,-9376,-3120,1632
66658,-6176,-3648,1168
66686,-7264,-3456,896
66713,-8512,-3792,944
66740,-8384,-3760,736
66768,-8368,-2784,336
66795,-6960,-3120,720
66822,-6416,-2448,624
66849,-5680,-3552,432
66876,-5584,-3712,-64
66903,-5632,-3744,96
66929,-5776,-3408,80
66955,-5984,-3232,160
66982,-6240,-3552,288
67009,-6928,-3840,400
67036,-7648,-4144,640
67063,-8176,-4016,672
67090,-8656,-4096,752
67118,-9424,-4176,592
67145,-10224,-3984,496
67173,-10032,-4064,224
67201,-10128,-4256,400
67229,-10528,-5152,1152
67258,-10528,-5024,800
67286,-8976,-3984,560
67313,-6800,-4080,720
67340,-7216,-4304,720
67368,-7728,-3952,464
67395,-8208,-3232,-16
67422,-8400,-2672,64
67448,-7984,-2752,48
67474,-7568,-2928,-64
67501,-7504,-3488,-432
67529,-6864,-3504,-512
67557,-5136,-2784,-384
67585,-4720,-3104,-416
67613,-4848,-2816,-240
67642,-5248,-2784,-192
67670,-5824,-2864,-208
67698,-5872,-2976,-96
67725,-6816,-2752,80
67751,-7360,-2576,144
67778,-7456,-2512,176
67805,-8368,-2464,560
67832,-8960,-2480,480
67859,-9536,-2512,512
67886,-11248,-2592,640
67914,-10464,-2736,944
67943,-7120,-3424,1488
67971,-6592,-3376,1168
67999,-8368,-3616,1248
68027,-8496,-3296,864
68054,-8496,-2208,464
68081,-7488,-1552,624
68108,-5824,-2544,464
68135,-5680,-3072,336
68162,-5136,-3776,0
68187,-5184,-3712,-32
68214,-5120,-3904,-32
68242,-5072,-3488,304
68269,-5552,-3952,384
68296,-5936,-4128,144
68323,-5792,-5264,-608
68351,-6432,-6976,-768
68379,-7488,-8192,-624
68407,-7504,-7984,-448
68435,-8224,-6832,-224
68463,-10656,-6288,-272
68493,-10336,-6736,288
68521,-7920,-6576,-144
68549,-7904,-5888,-320
68577,-7888,-5408,-336
68605,-9088,-4928,-528
68633,-9488,-4384,-432
68661,-9136,-3680,-160
68689,-9008,-3440,0
68714,-6800,-2864,-192
68743,-6368,-2864,-368
68771,-6048,-2880,-112
68799,-6032,-2992,-64
68826,-6240,-2640,-208
68854,-6512,-2336,-112
68882,-6544,-2288,-80
68909,-6320,-2544,144
68936,-7136,-2560,448
68963,-8288,-2416,464
68990,-8960,-2288,352
69018,-8896,-2224,672
69045,-9024,-2112,704
69072,-10448,-2624,768
69100,-8192,-2752,912
69127,-7952,-2416,688
69154,-7344,-3264,1200
69182,-7376,-3664,1232
69210,-8480,-3856,1456
69238,-8272,-4112,1488
69267,-8048,-3456,1024
69295,-7424,-3232,624
69322,-7200,-1824,1184
69350,-6176,-3520,768
69377,-6176,-3328,800
69404,-5968,-3536,400
69431,-5664,-3920,272
69458,-5760,-4160,448
69485,-5888,-3856,560
69512,-5712,-3600,400
69539,-6144,-4608,672
69567,-6384,-6288,1104
69595,-8112,-6912,976
69622,-9072,-6208,1120
69650,-9088,-4848,1264
69678,-9328,-4000,608
69705,-11952,-5488,1280
69734,-8176,-5536,976
69761,-7424,-5424,368
69788,-7712,-5328,336
69815,-8368,-4944,144
69843,-9136,-4624,160
69870,-9152,-3952,256
69897,-9392,-3792,320
69924,-9104,-3472,32
69950,-8272,-3392,240
69977,-7472,-2928,16
70003,-7200,-3296,0
70028,-7168,-2528,160
70055,-7312,-2528,208
70082,-7024,-2384,128
70109,-7424,-2352,224
70136,-7792,-2352,256
70163,-7920,-1744,176
70190,-7616,-1648,224
70218,-6864,-2176,624
70245,-6592,-2592,544
70272,-9536,-3104,624
70299,-8784,-2912,960
70326,-7904,-2224,944
70353,-7280,-2640,1136
70381,-7072,-3120,1104
70409,-8128,-3872,1456
70437,-8448,-4304,1456
70465,-8480,-3920,1120
70494,-8208,-2752,560
70521,-7392,-2496,352
70548,-6304,-3392,736
70575,-6272,-3952,544
70602,-6192,-4208,416
70629,-6448,-4432,336
70656,-6368,-4352,320
70683,-6448,-3840,496
70710,-6576,-4000,624