12592,1136,7760,304
12617,1296,7904,-48
12642,1168,7744,272
12667,1088,7936,160
12692,1504,7776,32
12716,1872,7680,272
12741,2016,7488,576
12766,1712,7424,768
12791,1392,7824,1056
12817,1376,7984,848
12842,1296,8096,496
12867,1216,8064,416
12892,1136,7776,-64
12917,2016,7392,96
12941,1952,7296,176
12966,1968,7392,288
12991,1936,7360,64
13015,1536,7520,-80
13040,1536,7536,-128
13066,1584,7152,-192
13092,1792,6688,-208
13118,1856,7056,-288
13144,2384,7824,-512
13170,2368,8208,-96
13195,2944,7904,64
13219,2464,7792,192
13244,1856,7824,128
13269,1776,7696,-432
13295,1920,7520,-640
13321,2512,7440,-544
13347,2736,7456,-448
13373,2448,7360,224
13398,2320,7152,368
13423,2528,7056,304
13448,2560,7184,-96
13473,2624,7152,-448
13499,3040,7184,-784
13525,2656,7456,-944
13551,1920,8000,-768
13577,1808,8368,-448
13603,1216,7872,-288
13629,1664,7328,-368
13655,1904,7424,-624
13681,1664,7520,-1296
13708,1168,7392,-1376
13735,864,7440,-1536
13761,976,7712,-1264
13787,1184,7904,-768
13814,1216,7824,-496
13840,1232,8144,-400
13866,1136,8800,96
13890,992,7952,-208
13915,832,7328,-368
13940,1056,7456,-640
13966,1456,7536,-528
13992,1440,7360,-464
14018,1440,7600,-320
14044,1024,7856,-112
14070,1248,7824,-128
14096,1392,7696,208
14121,1376,7728,176
14146,1264,8000,224
14171,992,8528,-288
14196,880,8368,-816
14221,944,7472,-624
14246,1568,6880,-400
14272,1888,7008,224
14297,1952,7440,672
14322,2048,7792,464
14347,2080,8112,64
14371,1904,8080,-304
14397,1520,7552,-560
14423,1536,7392,-384
14449,1600,7376,-32
14474,1888,7776,512
14499,2224,7744,752
14524,2048,7408,352
14549,1968,7520,-96
14574,2032,7552,-368
14600,2096,7408,-368
14626,1904,7296,-192
14652,1376,7648,32
14676,960,7840,-256
14701,864,7840,-272
14726,608,7760,-384
14751,1024,7584,-432
14777,1840,7504,-464
14803,2352,7520,-272
14829,2096,7744,-128
14855,1552,7952,-320
14881,1568,8064,-272
14907,944,7904,-384
14932,1440,7456,-272
14958,1856,7408,0
14981,1824,7536,96
15005,1728,7728,176
15030,1264,7872,80
15054,1264,7600,-144
15080,1424,7616,-288
15106,1584,7648,-256
15132,1680,7744,-176
15158,1680,7728,-192
15184,1552,7696,-320
15210,1504,7680,-160
15236,1648,7600,-48
15261,1712,7632,-96
15286,1728,7632,-144
15312,1616,7680,-192
15339,1536,7712,-240
15365,1568,7808,-16
15390,1568,7664,-256
15416,1584,7616,-208
15442,1600,7680,-144
15468,1600,7712,-16
15493,1568,7664,-144
15519,1584,7712,-80
15544,1584,7760,16
15568,1536,7712,-288
15594,1536,7632,-208
15620,1568,7680,-32
15645,1520,7680,-144
15671,1600,7680,-80
15696,1584,7696,-224
15722,1568,7648,-176
15748,1616,7680,-128
15774,1584,7664,-80
15799,1648,7648,-112
15825,1616,7696,-96
15850,1584,7664,-192
15876,1552,7648,-112
15902,1488,7680,-64
15927,1552,7664,-64
15952,1504,7648,-112
15978,1536,7664,-96
16003,1504,7680,-96
16028,1568,7760,-32
16053,1536,7648,0
16076,1584,7648,-128
16102,1504,7680,-160
16128,1536,7664,-160
16154,1520,7664,-112
16180,1536,7712,-16
16205,1520,7696,0
16228,1568,7648,-80
16253,1584,7680,-128
16279,1536,7664,-144
16305,1520,7680,-64
16330,1536,7664,-64
16355,1616,7648,-96
16380,1616,7632,-208
16406,1600,7680,-96
16431,1648,7744,-208
16457,1632,7776,-224
16483,1568,7680,-128
16509,1760,7664,-128
16535,1920,7616,-64
16560,1984,7584,-48
16585,1952,7520,32
16609,2016,7568,144
16634,2096,7536,160
16659,2096,7584,96
16683,1904,7696,48
16707,1680,7568,-80
16732,1680,7536,16
16756,1792,7520,240
16781,2016,7440,288
16806,1968,7472,288
16831,2000,7616,288
16856,2096,7600,80
16880,1696,7664,32
16904,1696,7616,-32
16929,848,6848,-720
16954,800,6256,-832
16979,80,6224,-544
17003,336,7936,528
17027,752,11088,2432
17053,800,9440,1712
17078,2320,8528,2464
17104,3056,8000,2480
17130,2560,6688,1952
17156,2368,5760,1296
17182,96,6000,1056
17206,-144,6144,752
17231,-208,6224,592
17256,-32,6912,944
17280,-192,7184,976
17305,16,7168,1776
17329,944,8096,2208
17354,1808,8464,2416
17380,1872,8272,2304
17406,1920,8240,2384
17432,1328,7936,2576
17458,-576,9552,2784
17484,-1088,12224,1600
17512,-32,9824,400
17536,0,9344,64
17557,352,8528,-896
17582,-320,7392,-1520
17609,-864,7280,-2160
17636,-272,7648,-3168
17664,768,7136,-3904
17690,848,6736,-3952
17716,2368,6816,-3488
17743,3152,7216,-2544
17770,3456,7312,-1632
17797,3104,6720,-624
17823,1760,6288,80
17847,640,6496,624
17871,-80,6656,1136
17896,272,6384,1456
17921,1856,6016,1648
17947,3168,5888,1696
17973,3280,5872,1680
17999,3312,6160,1488
18025,2496,6944,1328
18051,2256,7840,752
18076,2256,8384,368
18101,2224,8320,304
18126,3456,8368,480
18151,4864,9536,464
18176,5056,11920,720
18202,2656,11408,640
18228,1104,8416,-32
18253,992,7200,-960
18278,-496,6304,-1792
18305,-1040,6144,-2688
18333,-832,7280,-3520
18360,-256,7872,-3936
18387,272,7072,-3088
18414,992,6240,-1792
18440,1072,6528,160
18465,1968,7360,1584
18491,1232,4592,416
18516,1008,4592,800
18541,928,5056,816
18565,880,6016,1024
18590,1120,7472,1360
18616,1632,8816,976
18641,1696,8960,-608
18667,2064,13552,2096
18694,2160,8800,960
18719,2592,7840,1648
18745,2016,11504,1952
18772,1808,9680,-272
18798,784,7008,-1776
18824,32,8192,-4160
18849,384,9376,-5616
18875,1232,7936,-4416
18902,1360,6160,-3328
18929,1552,5776,-2608
18956,1232,6640,-2384
18983,1360,7056,-1984
19010,1648,6624,-1024
19037,1696,5952,128
19062,1312,5712,656
19087,1680,5776,1440
19114,2048,5584,2000
19140,2176,5664,2384
19166,2432,6064,2304
19192,2448,6736,2048
19218,2320,7312,1824
19244,2304,8064,1232
19270,3232,8304,960
19295,4512,8768,1136
19321,5184,9184,1680
19347,5232,9984,1120
19373,2288,11472,992
19399,1520,9024,304
19424,1040,7232,-560
19450,1024,6912,-1824
19477,-1040,7312,-3200
19505,-1312,8784,-4624
19533,-1328,8592,-3744
19561,800,6704,-1952
19587,2144,6384,-176
19614,3072,7120,1952
19640,2352,4192,1072
19666,2224,3792,1504
19692,592,4512,1216
19717,16,5376,1408
19741,208,5808,1376
19766,704,6736,1568
19791,1168,8384,1424
19817,1440,8848,-320
19843,2464,12192,1824
19870,2592,10064,1408
19897,2704,7776,1840
19923,3120,11632,1248
19950,-128,9728,-928
19976,-112,7360,-2032
20003,-288,7552,-4688
20030,608,7904,-4784
20056,1728,7504,-4576
20083,2336,7344,-4080
20110,2576,7712,-3376
20137,2592,7504,-1824
20165,2176,6912,-608
20191,1216,6416,96
20215,416,6032,864
20239,368,5904,1552
20264,1248,5040,1872
20290,2480,4048,2048
20316,3328,4464,1776
20342,3520,5520,1376
20368,3056,6864,1488
20394,2096,7904,1408
20420,928,8624,960
20444,1696,8848,1312
20470,3696,9152,1296
20496,6128,8752,1296
20522,5216,10576,1232
20549,5040,11616,736
20575,3408,8960,-480
20601,64,7936,-1888
20626,-912,7696,-2960
20653,-1360,7296,-3536
20681,-848,7440,-3648
20708,-144,6752,-2960
20735,704,6352,-2000
20761,1856,6336,-960
20787,2320,6576,736
20812,2496,5776,1072
20839,1280,3824,784
20864,912,4080,912
20887,768,5312,1328
20912,992,6688,1472
20937,1072,7808,1424
20964,1520,8544,400
20989,1856,9296,-528
21015,2128,13936,3104
21042,1456,8224,896
21067,1376,11168,1664
21094,1152,11648,-368
21121,576,9024,-2832
21147,192,8400,-4960
21173,192,8000,-5696
21199,944,6096,-4000
21225,976,5728,-3424
21251,976,6656,-3088
21277,1632,7632,-3104
21304,1792,7584,-2528
21331,2352,6800,-1472
21358,1840,6144,-320
21384,544,5936,576
21408,1216,5536,1360
21434,2400,4864,1840
21460,3024,4880,2144
21486,2720,5328,2128
21512,2576,6048,2144
21539,2576,7024,1888
21565,2656,7648,1328
21591,1648,8288,592
21616,2336,8880,624
21641,3600,9472,1152
21667,5120,9712,1152
21693,4176,11424,1504
21720,2752,10240,976
21746,1280,8352,-96
21771,176,7120,-1088
21797,-544,6752,-2272
21824,-992,7312,-3392
21851,-208,7936,-3792
21878,480,7744,-3072
21904,928,6720,-1968
21930,1024,5968,-688
21956,2528,6000,928
21981,2096,5856,1696
22007,1536,4208,1152
22033,1504,4160,1392
22059,864,5088,1552
22084,624,6176,1680
22109,832,7760,1600
22134,1328,8880,576
22159,1728,9632,-592
22185,1680,12304,1024
22212,2000,10112,1440
22240,1952,9264,2800
22266,1792,12304,2080
22293,1376,7872,-368
22319,448,7008,-1488
22345,-224,7760,-4080
22372,176,8112,-4496
22398,1168,6688,-3888
22425,1792,6816,-3744
22452,1680,7376,-3696
22479,1792,7584,-2848
22506,1696,6928,-1760
22533,912,6352,-960
22558,304,6608,-16
22582,16,6656,1200
22606,720,6192,2032
22631,2128,5088,2464
22657,3104,4416,2656
22683,3056,5504,2400
22709,2976,6304,2336
22735,2624,6864,2144
22761,2528,7632,1696
22787,1952,8288,1440
22814,2896,8736,1296
22840,4416,8544,1648
22866,5296,10384,1376
22893,3168,12336,1152
22920,1168,9408,384
22945,528,7792,-816
22970,-32,7168,-1760
22996,-704,6432,-2560
23023,-1136,6800,-3168
23051,-160,7648,-2944
23078,544,7568,-2592
23104,1264,7264,-1344
23131,2352,7008,384
23156,2704,6784,928
23181,1856,4960,432
23206,1760,4784,400
23231,1040,5472,592
23256,832,5744,336
23280,752,6320,448
23304,1072,7136,192
23329,1472,8256,576
23354,2016,8832,-144
23380,2592,11152,1264
23407,2416,9472,1872
23433,1600,8864,2464
23459,1184,10992,1088
23486,1200,8624,-1040
23514,816,8096,-2224
23540,352,8272,-4720
23566,768,7808,-4512
23592,928,5792,-3648
23618,1504,5664,-3184
23645,1856,6752,-3472
23672,1952,7568,-3280
23699,1392,7824,-2912
23726,912,7376,-1744
23752,528,7056,-448
23777,656,7072,1024
23802,576,7024,1920
23827,2512,6096,2272
23853,2896,5120,2016
23879,2976,5760,1936
23905,2320,6592,1920
23931,2240,6528,1648
23957,1968,6880,1616
23983,1760,7168,1120
24009,1520,7808,720
24034,2432,8240,304
24059,2528,8512,48
24083,4816,10496,304
24109,4816,12352,448
24135,2288,8912,480
24160,1280,7392,0
24183,480,7200,-528
24208,-336,7072,-1280
24235,-1184,6736,-1824
24264,-1248,7568,-2640
24292,-1104,8432,-2912
24320,-144,8080,-2080
24347,864,7008,-1008
24373,2048,6736,800
24398,2816,6752,1456
24424,2080,4912,1024
24450,1888,5088,1632
24476,1296,5760,1472
24502,880,6064,1552
24527,544,6304,1664
24552,416,7072,1968
24577,608,7968,1648
24602,1024,8288,720
24627,1968,10464,2448
24654,1968,8480,1568
24680,992,12096,720
24705,80,12720,320
24729,656,8720,-1232
24755,-176,8528,-1936
24782,-208,8080,-2432
24809,320,6960,-2784
24835,1616,6464,-2992
24862,2272,6064,-2944
24890,2784,6464,-3072
24917,1984,6976,-2112
24944,848,7776,-528
24969,80,8560,640
24992,320,8320,1504
25017,1920,6608,1296
25043,2032,5760,1376
25069,3072,5920,1536
25095,2400,6064,1472
25121,1680,5904,1392
25147,1536,5792,1536
25173,1536,6240,2144
25199,2656,6704,2400
25225,2224,7040,1760
25251,1824,8048,1264
25277,2128,8208,864
25302,2208,8144,528
25327,2880,10144,832
25353,3664,12128,1360
25380,3648,10016,704
25406,2720,8496,128
25431,-720,6992,-288
25457,-2112,6304,-928
25484,-1360,6800,-1424
25512,768,7968,-1856
25538,944,8880,-1792
25565,2272,8032,48
25588,2304,8112,1936
25615,2208,5136,512
25640,1376,5504,880
25665,304,6192,608
25688,224,6192,272
25712,576,6208,288
25736,944,6448,688
25760,1088,6928,864
25785,1120,8016,928
25810,736,8848,560
25834,688,9424,-32
25858,768,8832,768
25882,848,8080,1680
25907,2304,6544,1728
25933,2240,9392,1248
25959,1664,11552,304
25985,208,8640,-1248
26011,-48,8624,-2336
26037,448,8944,-2640
26063,1232,7664,-2032
26091,2048,5888,-2128
26118,2400,6272,-2192
26145,2048,6128,-2352
26172,1232,7312,-2992
26199,848,9040,-3568
26225,1136,8848,-3104
26252,1408,7584,-2192
26279,1760,6672,-2160
26306,1984,6912,-1296
26333,2000,7184,-1008
26360,1744,7344,-848
26386,1632,7504,-592
26412,1744,7776,-384
26438,1776,7552,-272
26465,1920,7056,-112
26491,2336,7456,-336
26517,2224,8016,-528
26543,2304,8368,-944
26569,1728,7808,-1008
26596,1600,7376,-1008
26623,1968,7280,-976
26649,1856,7456,-768
26675,1648,7696,-480
26701,1472,8064,-368
26727,1408,7552,-112
26753,1008,7536,-112
26779,1232,7456,-208
26805,1280,7248,-400
26831,1600,7200,-480
26857,1328,7632,-736
26883,1232,7840,-544
26909,1216,7840,-304
26935,1264,7808,-32
26960,1712,7760,304
26985,1776,7840,240
27010,1632,7696,464
27035,1376,7696,320
27060,1280,7728,64
27084,1360,7872,-336
27110,1456,7680,-576
27136,1408,7584,-400
27162,1408,7616,-288
27188,1504,7680,96
27212,1616,7680,272
27237,1696,7632,352
27262,1776,7504,272
27287,1760,7648,128
27312,1600,7728,-96
27337,1488,7696,-16
27362,1648,7584,-16
27387,1664,7568,128
27412,1632,7744,256
27437,1600,7648,192
27462,1632,7664,160
27487,1584,7744,144
27512,1344,7632,96
27536,1392,7616,192
27561,1648,7664,240
27586,1648,7648,208
27611,1648,7648,240
27636,1568,7712,384
27661,1600,7760,304
27686,1520,7728,352
27711,1584,7584,432
27736,1760,7632,304
27761,1600,7680,400
27786,1552,7632,400
27811,1520,7680,304
27836,1632,7744,480
27861,1552,7728,384
27886,1552,7664,320
27911,1616,7552,368
27936,1632,7568,128
27961,1536,7600,384
27986,1664,7552,400
28011,1584,7680,400
28036,1552,7664,384
28061,1568,7712,432
28086,1552,7616,608
28111,1664,7568,368
28136,1616,7648,368
28161,1552,7728,384
28186,1568,7552,336
28211,1536,7648,512
28236,1616,7600,432
28261,1584,7680,352
28286,1536,7664,352
28311,1664,7584,416
28336,1600,7664,464
28361,1584,7680,464
28386,1616,7664,448
28411,1600,7632,352
28436,1552,7680,368
28461,1552,7696,432
28486,1488,7632,480
28511,1616,7600,496
28536,1616,7664,384
28561,1584,7616,304
28586,1616,7712,400
28611,1536,7680,384
28636,1536,7616,480
28661,1520,7600,448
28686,1504,7696,496
28711,1520,7728,432
28736,1520,7728,304
28761,1424,7632,352
28786,1488,7648,352
28811,1520,7680,416
28836,1648,7760,256
28861,1504,7744,240
28886,1424,7664,288
28911,1456,7664,272
28936,1488,7664,448
28961,1488,7712,480
28986,1456,7680,224
29011,1424,7664,224
29036,1472,7680,272
29061,1568,7664,288
29086,1584,7584,320
29111,1408,7696,304
29136,1344,7632,256
29161,1312,7552,240
29186,1408,7552,-80
29211,1504,7616,0
29234,1360,7728,16
29258,1328,7536,16
29282,1088,7552,0
29305,992,7616,-32
29329,960,7776,16
29352,1008,7824,64
29376,1088,7888,176
29401,1232,7968,176
29426,1344,7936,256
29451,1328,7904,160
29476,1216,7696,256
29501,1072,7744,224
29526,1072,7808,352
29551,1072,7904,464
29576,1040,7904,448
29601,768,7808,320
29625,560,7904,384
29649,480,7984,208
29673,688,7888,224
29697,800,7840,224
29721,768,7760,288
29745,688,7760,256
29769,688,7648,208
29793,416,7728,288
29817,272,7856,192
29841,304,7952,176
29865,272,7920,208
29888,336,7920,208
29912,464,8000,352
29936,560,7952,336
29960,528,7792,624
29984,784,7680,544
30008,704,7760,576
30032,816,7728,592
30056,1024,7728,608
30081,960,7696,624
30105,944,7680,592
30129,928,7584,592
30153,416,7824,736
30177,320,7952,768
30201,432,7888,832
30225,640,7664,864
30249,560,7744,992
30273,1344,7904,1136
30299,1488,8064,992
30324,1424,7968,1040
30350,1456,7504,896
30375,1504,7392,720
30400,848,7936,704
30424,656,7856,624
30448,448,7760,448
30472,560,7744,528
30496,896,7536,576
30520,1536,7552,656
30545,1760,7632,784
30570,1456,7664,672
30595,1168,7776,496
30620,848,7776,272
30644,784,7760,224
30668,864,7600,160
30692,1072,7504,96
30716,1360,7504,48
30740,1488,7472,240
30765,1616,7520,288
30790,1984,7616,208
30815,2128,7808,128
30840,1936,8048,64
30863,1600,8112,0
30886,1472,7984,48
30910,1408,7680,80
30934,1456,7520,128
30959,1440,7600,144
30984,1536,7824,224
31009,1792,7760,320
31034,1904,7600,368
31059,1888,7568,464
31084,1824,7520,720
31109,1936,7584,832
31134,2000,7680,912
31159,2080,7600,688
31184,1968,7600,624
31209,1744,7616,720
31234,1664,7520,784
31259,1744,7472,976
31284,1888,7360,1056
31310,1920,7616,1152
31336,1920,8016,1040
31362,1680,8208,608
31387,1072,8080,528
31412,992,7728,368
31436,640,7360,256
31460,592,7456,160
31484,1104,7664,256
31509,1072,7728,400
31534,912,7712,224
31558,752,7760,720
31582,864,7712,704
31606,1008,7712,640
31631,1168,7840,672
31656,1376,7680,720
31681,1424,7568,784
31706,1536,7712,784
31731,1152,7680,720
31756,816,7760,608
31780,560,7776,416
31804,624,7632,368
31828,832,7616,448
31852,880,7600,544
31876,912,7616,640
31900,832,7808,720
31924,784,7536,544
31948,656,7456,608
31972,1040,7760,752
31997,1104,7888,880
32022,1152,7728,864
32047,1184,7520,880
32072,1200,7536,992
32097,1152,7584,1136
32123,1088,7824,1312
32149,912,7824,1312
32174,832,7936,1200
32199,832,8096,1152
32224,480,7936,1024
32249,576,7392,928
32273,608,7680,1424
32298,800,8064,1936
32323,1056,8000,2224
32349,1168,7696,2112
32375,1136,7504,2080
32401,1104,7408,2032
32427,1376,7200,2176
32453,1232,7248,2224
32479,1232,7568,2192
32505,976,7648,2144
32530,912,7568,2272
32555,736,7472,2304
32580,480,7280,2336
32605,416,7392,2432
32630,432,7520,2448
32655,576,7648,2944
32680,720,7488,3088
32705,448,7088,3216
32730,432,6752,3376
32755,448,6608,3712
32780,864,6288,4016
32805,848,6304,4304
32830,656,6384,4256
32855,496,6336,3968
32880,496,6736,4384
32905,272,6960,4544
32930,176,6704,4448
32955,336,6400,4448
32980,576,6288,4336
33005,624,6368,4304
33030,144,6624,4432
33055,384,7184,4128
33080,752,6448,3600
33105,1600,6448,3792
33131,1696,6576,4080
33157,1728,6768,4112
33183,864,6960,3776
33208,576,6992,3696
33233,624,7072,3808
33258,992,6944,3744
33283,976,6832,3808
33308,912,6864,3856
33333,976,6832,3872
33358,1088,6752,3760
33384,960,6752,3632
33409,800,6800,3552
33434,800,6704,3248
33459,1184,6864,3504
33485,1120,6816,3552
33511,1056,6720,3664
33537,1216,6720,3760
33563,976,6928,3536
33588,800,7312,3648
33613,784,7296,3584
33638,1072,7184,3424
33665,1200,6896,3520
33691,1280,6864,3648
33717,1264,6848,3312
33743,1184,7072,3104
33769,1040,7136,2992
33795,896,7264,2832
33820,1152,7344,2832
33846,1456,7472,3008
33872,1760,7392,2976
33898,1744,7344,2944
33924,1728,7248,2944
33950,1712,7408,3072
33976,1872,7392,3104
34002,2160,7168,2880
34028,2256,7120,2640
34054,1856,7312,2416
34080,1232,7104,2240
34106,1008,7232,2192
34132,1008,7328,2144
34158,1072,7216,2160
34184,864,7232,2128
34209,752,7296,2016
34234,624,7424,2032
34259,480,7552,1856
34284,544,7632,1760
34309,640,7504,1712
34334,880,7648,1936
34359,1008,7760,1840
34385,1088,7808,1712
34411,1120,7536,1728
34437,1184,7600,1664
34463,1200,7584,1824
34490,1184,7648,1808
34516,1328,7792,1760
34542,1328,7968,1776
34568,1248,7968,1680
34594,1120,7664,1584
34620,1040,7456,1552
34646,976,7328,1424
34671,1168,7296,1296
34697,992,7328,1360
34722,896,7440,1344
34747,1152,7408,1408
34773,1328,7696,1248
34799,1200,8064,1088
34825,1152,8112,816
34850,560,7968,752
34874,528,7984,816
34898,544,7792,816
34922,720,7600,1040
34947,912,7808,864
34971,1184,8112,992
34996,1264,8192,848
35021,1392,7776,816
35046,1664,7008,640
35071,1504,6832,752
35096,1680,7536,768
35121,1056,7952,1136
35147,1168,7840,1376
35173,1344,7472,1632
35199,1952,7040,1536
35225,1968,7120,1088
35251,1888,7184,992
35276,1584,7328,1232
35302,1392,7968,1808
35328,2000,8432,2704
35354,2592,7776,2640
35380,2768,7296,1968
35406,2752,7520,1600
35432,1744,7808,1264
35458,1296,7760,1056
35484,1216,7600,1072
35510,1328,7296,1264
35536,1648,7120,1440
35562,1664,7184,1440
35588,1472,7520,1248
35615,1376,7744,1152
35641,1296,7520,1024
35667,1120,7328,832
35692,1680,7984,624
35717,1504,8864,528
35742,608,8128,704
35766,176,6640,608
35790,128,6704,720
35813,480,7392,1008
35838,752,7856,1216
35863,704,7856,1232
35888,304,7728,1072
35913,272,7968,912
35937,656,7952,832
35961,1008,7648,560
35986,944,7824,800
36010,704,7888,960
36034,560,7744,1168
36059,832,7712,1424
36084,896,7744,1840
36109,1328,7616,1904
36135,1152,7568,1584
36161,624,7568,1152
36186,560,7728,976
36210,656,7808,752
36234,640,7904,736
36258,624,7824,672
36282,608,7824,704
36306,640,7856,592
36330,720,7808,512
36354,736,7776,656
36378,736,7664,688
36402,880,7712,912
36426,880,7760,944
36450,848,7712,928
36474,800,7712,944
36498,736,7696,960
36522,848,7808,816
36546,928,7776,704
36570,864,7728,688
36594,864,7744,736
36618,784,7744,848
36642,832,7712,720
36666,816,7712,752
36690,848,7728,720
36713,896,7728,736
36737,848,7744,736
36761,912,7696,688
36785,800,7744,752
36809,800,7696,672
36833,848,7760,656
36857,816,7776,640
36881,832,7776,688
36905,880,7808,688
36929,800,7712,512
36953,752,7744,672
36977,912,7824,640
37001,832,7808,624
37025,896,7808,560
37049,864,7760,384
37073,832,7840,624
37097,832,7712,560
37121,848,7712,624
37145,864,7808,656
37169,880,7808,608
37193,992,7744,640
37217,848,7840,496
37241,848,7760,528
37265,928,7808,560
37288,960,7744,528
37312,944,7776,560
37336,944,7792,560
37360,864,7776,480
37384,976,7760,496
37408,992,7728,544
37432,944,7792,576
37456,864,7840,432
37480,880,7760,480
37504,880,7792,528
37528,960,7744,528
37552,960,7680,448
37576,912,7824,656
37600,800,7808,496
37624,944,7776,464
37648,912,7776,480
37672,848,7728,592
37696,928,7696,432
37720,928,7744,432
37744,912,7776,528
37768,976,7792,464
37792,912,7728,464
37816,928,7744,512
37840,928,7760,512
37863,928,7744,368
37887,992,7808,480
37911,896,7792,512
37935,928,7760,416
37959,992,7792,416
37983,880,7840,400
38007,960,7728,512
38031,928,7744,480
38055,1024,7760,464
38080,976,7792,400
38104,960,7776,416
38128,976,7760,592
38152,976,7792,448
38176,960,7744,464
38200,928,7760,480
38224,912,7792,512
38248,944,7744,496
38272,912,7760,464
38296,896,7744,464
38320,928,7760,464
38344,960,7744,480
38368,928,7760,464
38392,960,7760,496
38416,976,7696,448
38440,944,7712,528
38463,944,7744,464
38487,928,7760,480
38511,976,7808,496
38535,976,7792,544
38559,928,7824,464
38583,944,7696,464
38607,928,7760,496
38631,960,7792,400
38655,896,7808,400
38679,992,7744,528
38703,976,7776,560
38727,944,7680,496
38751,992,7728,416
38775,928,7776,496
38799,960,7744,448
38823,928,7712,512
38847,928,7760,464
38871,960,7808,480
38895,976,7776,592
38919,992,7792,528
38943,960,7760,480
38967,928,7808,448
38991,944,7840,496
39015,928,7760,288
39038,928,7744,480
39062,960,7744,592
39086,992,7792,464
39110,816,7760,432
39134,1008,7792,464
39159,944,7776,480
39183,960,7744,464
39207,912,7776,480
39231,1008,7696,448
39256,928,7776,448
39280,976,7728,416
39304,896,7744,416
39328,912,7696,416
39352,864,7696,304
39376,880,7648,256
39400,816,7584,128
39424,800,7616,112
39448,880,7696,144
39472,896,7680,304
39496,880,7728,512
39520,912,7520,432
39544,912,7680,608
39568,1296,7840,656
39593,1360,7872,496
39618,1184,7936,32
39642,1264,7872,176
39667,864,7936,224
39691,928,8016,304
39715,848,7984,352
39738,960,7968,304
39762,1008,7984,224
39787,1248,7888,128
39812,1312,7792,-112
39838,1168,7808,48
39862,1216,7776,32
39886,1216,7760,192
39911,1104,7712,208
39936,816,7488,288
39960,512,7136,112
39984,240,6720,16
40007,-32,6864,368
40031,64,9216,1744
40055,592,10288,2064
40081,848,8064,496
40105,1072,8400,880
40130,1296,7776,256
40155,256,6656,-32
40179,176,6144,-496
40204,48,6480,-384
40228,-16,6032,-48
40252,432,6288,336
40276,192,6784,608
40300,-176,6912,592
40325,-80,7920,1104
40350,688,8720,1360
40375,1040,8416,1376
40401,1376,8384,1504
40427,1232,8576,1744
40453,1184,8064,1856
40479,720,7536,1808
40504,-1824,10096,1808
40532,-1728,12832,1360
40560,576,9136,-336
40585,1408,8160,-1504
40612,0,8400,-1680
40636,-1072,8368,-2720
40665,-640,8032,-3344
40692,464,6960,-3072
40718,1520,6160,-2800
40745,2496,6304,-2352
40772,3200,7152,-2480
40799,2688,7792,-1648
40826,1312,7264,-816
40852,144,6576,-64
40876,-176,6624,384
40901,176,6800,928
40925,1216,6528,1312
40951,2192,6000,1584
40977,2256,5808,1696
41003,2256,5888,1472
41029,2272,6224,1680
41055,1936,6800,1536
41081,1840,7840,1392
41107,1520,8640,1216
41133,1472,8496,1424
41159,1488,8336,1776
41185,3600,9360,1568
41211,4928,11808,2080
41238,3856,10928,1504
41266,3600,7360,160
41291,432,6848,-672
41316,-80,7280,-1488
41342,-976,7952,-2368
41369,-1696,8592,-2800
41397,-1280,8032,-2928
41425,-336,7280,-1984
41452,592,6432,-1152
41478,1456,5952,-448
41504,2240,5840,864
41529,2528,5200,800
41554,1808,4560,720
41579,912,4800,1088
41604,704,5472,1216
41629,-304,6592,1424
41655,272,8352,1664
41680,304,9536,976
41704,1488,9680,496
41729,1664,11472,2544
41756,2352,8608,2096
41782,1408,10096,2896
41809,-144,12720,2064
41836,304,8400,-352
41861,-288,7504,-1552
41888,-432,7824,-2848
41916,-272,7920,-2736
41943,1040,7328,-3200
41970,1472,7520,-3232
41997,1952,7376,-3168
42024,2480,6928,-2320
42051,1984,6416,-1296
42078,1008,6160,-624
42104,80,6320,256
42127,-448,6352,1072
42153,160,6272,1824
42178,1776,5696,2400
42204,3136,5200,2736
42230,3216,5200,2816
42256,3136,6016,2480
42282,2112,7264,2176
42308,1168,8048,1472
42334,1024,8400,800
42359,976,8368,1056
42384,2816,8752,1696
42410,4560,9808,1824
42436,4640,11760,2704
42463,2128,9664,2048
42489,672,7952,448
42513,144,7840,-608
42538,80,7808,-1952
42563,-1664,7360,-2944
42592,-1520,8224,-3488
42620,-1072,7264,-3008
42648,-80,6656,-1680
42674,784,6000,-1136
42700,1744,6032,400
42725,2448,6896,2096
42751,1568,4176,496
42776,1472,4160,976
42801,800,5232,1408
42826,768,6336,1872
42851,560,7536,1920
42876,768,9296,1680
42901,1248,9632,176
42926,2208,12448,3024
42953,1984,8256,2144
42979,64,11280,2176
43004,-816,11920,816
43030,-384,8432,-1136
43057,-304,8144,-3408
43084,-784,8416,-3856
43111,-368,7728,-4016
43138,1216,7552,-4016
43166,2192,7264,-3856
43193,2960,6320,-2480
43220,2000,6128,-1280
43247,368,6384,-416
43272,-768,6576,192
43297,-896,6496,1072
43323,-832,5840,1536
43349,2128,5568,1664
43375,2960,5440,1920
43401,3168,5600,2144
43427,2912,6096,2208
43453,2944,7280,2208
43479,1312,8224,1840
43505,1008,8928,1568
43531,2160,9200,1488
43557,4368,9824,1712
43583,4528,12256,1600
43610,3856,11328,656
43636,1616,8256,-304
43662,-128,7152,-1248
43689,-1600,6896,-2096
43718,-2608,7648,-2896
43746,-2384,8320,-3328
43774,-1392,7200,-2176
43802,0,6176,-1232
43826,16,5472,-608
43850,2096,5168,208
43875,2432,5456,1424
43901,1984,4544,1024
43927,1808,4240,1120
43953,1808,5232,2016
43979,912,6224,2240
44004,720,7664,1952
44029,912,8864,656
44053,1360,10576,480
44079,2112,12576,2048
44106,2128,9328,2320
44132,1888,12272,864
44158,-608,9552,-816
44184,336,7824,-1680
44210,-224,7920,-3952
44237,320,8368,-4464
44263,1472,7632,-4336
44291,1584,7232,-3520
44318,2496,6832,-3152
44345,2336,6640,-2160
44372,1856,6336,-1200
44399,608,6192,-256
44424,160,5952,288
44448,-32,5984,992
44472,320,5696,1648
44497,1312,5360,2048
44523,2128,5344,2160
44549,2256,5888,2528
44575,2128,6848,2864
44601,1808,7488,2560
44627,1568,8272,2048
44653,2368,8672,1760
44679,4016,9040,1888
44705,5776,9312,1600
44731,5376,11552,1536
44758,5088,10528,1344
44785,1424,8080,320
44810,-176,7648,-960
44836,-992,7792,-1984
44863,-1824,8032,-2832
44892,-1392,8784,-3200
44920,-736,7376,-2224
44947,-784,6304,-1040
44974,0,5376,-608
44997,944,5168,336
45021,1840,5328,1552
45047,1936,4240,1056
45073,1712,4192,1440
45099,912,5584,2096
45124,784,6640,2096
45149,784,8064,1872
45174,1152,9584,1296
45200,1312,11520,1440
45227,1904,10848,2528
45254,1696,8176,2752
45280,-1040,11232,1616
45308,-1120,9488,-544
45335,-672,7904,-1424
45362,-656,7904,-3888
45389,176,8240,-4384
45416,1392,8256,-4272
45443,1968,8000,-3936
45470,1968,7568,-2656
45497,1680,6992,-1472
45524,448,6176,-512
45549,-320,5824,96
45573,-784,5600,752
45598,-576,5744,1680
45624,928,5488,2096
45649,2640,5120,2336
45675,3600,5328,2464
45701,3664,5680,2304
45727,2480,6624,2720
45753,1168,7952,2832
45779,640,8688,2800
45804,1776,9040,2720
45830,3984,9216,3136
45856,5520,8928,2480
45882,3872,10816,2704
45909,1184,10560,2000
45936,208,8272,304
45960,-256,7392,-928
45986,-1216,6944,-1856
46014,-2672,8064,-3600
46043,-2592,9072,-4224
46071,-2528,7632,-2352
46099,48,6416,-1056
46124,48,5632,0
46145,2096,5632,848
46170,2448,5888,2448
46196,1712,3968,1360
46222,1392,3888,1696
46248,1296,5056,2064
46274,48,6320,2304
46298,0,7600,2272
46321,-48,8864,1504
46346,960,9616,192
46370,1664,14064,3760
46397,1488,8816,1872
46423,384,11104,2752
46449,208,12112,1152
46475,-864,8352,-1584
46502,-1104,8128,-2512
46530,-944,7648,-3296
46557,352,6912,-3328
46583,1248,7328,-3328
46610,1744,7728,-3536
46637,2000,7616,-3216
46664,1472,6528,-2336
46692,800,6448,-1232
46718,-96,6736,-352
46743,-432,6880,784
46768,-64,6944,2016
46793,1232,5920,2512
46819,1568,4992,3072
46845,3328,5136,2864
46871,3008,5456,2944
46897,2528,6112,2640
46923,1744,7200,2208
46949,1600,7600,1776
46975,128,8048,1664
47000,1376,8304,1200
47026,3440,8496,1056
47052,3664,11072,1904
47079,3952,12624,2464
47106,2080,9520,1728
47132,256,7952,448
47156,-752,7536,-368
47182,-928,7328,-1504
47209,-2816,6944,-2624
47237,-2336,7392,-3024
47266,-1152,7344,-2736
47294,-976,7104,-1552
47321,1152,6944,-352
47347,3072,8032,3632
47373,3392,5552,1136
47399,1712,3664,1312
47425,496,4464,1584
47450,-432,5328,1568
47476,-496,6112,1488
47502,32,7344,1872
47526,416,8592,1248
47551,544,9440,-272
47576,1200,11904,1712
47603,2016,9696,2112
47629,1232,10240,3568
47656,1088,12128,2608
47683,-208,8000,-576
47709,-1040,8480,-1936
47737,-432,8016,-3600
47764,-400,6912,-3520
47792,416,6048,-3056
47818,1280,6928,-2784
47845,752,7760,-2544
47871,320,8384,-1408
47897,176,8400,-352
47922,80,7472,464
47945,528,6512,1520
47970,448,6064,2448
47995,1456,5888,2544
48021,1664,5440,1760
48047,1632,5616,1600
48073,1440,5968,1664
48099,1552,6224,1664
48125,1824,6704,2128
48151,1728,6976,2208
48177,1792,7920,2304
48203,1040,8944,2240
48229,1776,8912,2192
48255,2752,9216,2048
48281,1936,10736,2944
48308,1808,10080,2560
48335,1296,8816,1248
48361,912,8064,-96
48385,-1456,7456,-1136
48413,-2640,6768,-2112
48442,-2208,6144,-2768
48470,-672,7600,-2080
48497,-496,8192,-1424
48524,592,8448,-960
48549,880,7616,528
48573,1152,7792,2784
48599,1232,6720,2400
48625,608,5088,1712
48650,144,6144,1456
48675,416,6352,1120
48700,896,6320,1216
48725,1104,6208,1696
48751,1136,6896,1856
48777,224,7808,672
48801,-144,8704,448
48826,-128,9904,1968
48852,1488,8400,2000
48878,1072,10512,1008
48905,800,9728,-464
48930,1120,8992,-1104
48957,-208,9008,-2512
48984,-144,9088,-2096
49011,544,7296,-1952
49037,928,6512,-1664
49063,1184,6176,-1472
49091,1104,5920,-1344
49118,1024,6464,-1360
49145,1056,7952,-1856
49172,1072,8992,-2000
49199,960,8480,-1520
49225,928,7760,-976
49250,832,7376,-208
49275,1056,7472,80
49299,1168,7680,416
49324,1296,7472,496
49349,2064,6960,480
49374,2368,6944,320
49399,1584,7504,-512
49425,1616,8336,-656
49451,736,8928,-464
49476,512,8416,-464
49501,976,8192,-752
49526,1280,8016,-832
49552,1040,7088,-208
49578,752,6688,368
49602,736,7184,448
49626,1072,7680,224
49651,976,8112,-32
49675,480,8288,-176
49700,96,7744,-160
49724,-80,7440,-32
49748,240,7504,48
49771,768,7408,128
49795,1152,7360,48
49819,1168,7424,176
49844,1056,7504,160
49869,880,7792,272
49893,896,7760,336
49917,736,7952,416
49941,576,8176,336
49964,544,8304,272
49988,480,8192,16
50011,416,8016,-160
50036,368,7568,-176
50061,400,7232,-192
50086,768,7584,224
50110,1280,7968,592
50135,1328,7760,1136
50161,1344,7664,1328
50187,1072,7872,1392
50213,1104,7936,784
50238,1104,7776,288
50263,704,7632,16
50286,784,7680,32
50309,976,7776,192
50333,960,7712,480
50357,928,7792,768
50381,928,7776,880
50405,1120,7760,800
50430,1120,7744,608
50455,976,7760,432
50479,880,7840,384
50503,928,7760,416
50527,896,7680,560
50551,944,7824,768
50575,1024,7792,592
50600,1024,7744,512
50625,1024,7808,576
50650,896,7680,528
50674,848,7712,640
50698,1024,7696,592
50723,1056,7776,704
50748,976,7664,656
50772,1024,7552,480
50797,1072,7744,528
50822,960,7808,496
50846,928,7792,432
50870,880,7776,368
50894,864,7776,448
50918,944,7760,464
50942,944,7728,544
50966,896,7712,528
50989,976,7664,576
51013,976,7808,560
51037,992,7728,608
51061,1024,7760,528
51086,1008,7776,496
51111,912,7760,496
51135,912,7696,720
51159,1024,7792,608
51184,1040,7776,464
51209,880,7760,608
51233,976,7728,528
51257,1056,7712,624
51282,1008,7696,608
51307,960,7776,528
51331,880,7728,640
51355,976,7792,576
51379,976,7776,576
51403,928,7776,528
51427,992,7712,560
51451,992,7680,512
51475,976,7760,560
51499,1040,7776,560
51524,976,7744,464
51548,992,7760,480
51572,992,7744,576
51596,944,7728,528
51620,912,7808,416
51644,992,7744,544
51668,1024,7744,512
51693,976,7792,448
51717,944,7712,496
51741,976,7776,496
51764,944,7776,512
51788,976,7744,496
51812,928,7760,512
51836,896,7760,448
51860,944,7760,544
51884,1008,7680,544
51909,928,7680,576
51933,944,7728,592
51957,992,7744,576
51981,928,7728,656
52005,976,7728,448
52029,976,7760,560
52053,992,7776,560
52077,992,7776,560
52101,896,7712,560
52125,912,7680,432
52149,848,7712,576
52173,976,7808,512
52197,960,7824,480
52221,1040,7824,416
52246,896,7824,448
52270,736,7776,432
52294,864,7776,544
52318,832,7744,480
52342,784,7776,560
52366,784,7856,512
52389,688,7872,544
52413,672,7872,512
52437,800,7680,384
52461,736,7520,288
52485,640,7488,304
52509,576,7696,448
52533,528,7680,400
52557,480,7680,272
52581,496,7936,336
52605,528,7936,336
52629,448,7824,336
52653,432,7712,288
52677,496,7680,544
52701,560,7616,112
52725,496,7472,128
52749,1168,7552,-112
52775,1456,7952,-256
52801,1408,8480,-480
52827,1024,8608,-128
52853,832,8224,400
52877,816,7616,448
52901,1216,7712,240
52926,976,7920,16
52949,720,7664,16
52972,720,7488,-240
52997,752,7600,-288
53022,880,7680,-368
53047,816,7648,-496
53072,1792,7712,-560
53098,1984,7968,-672
53124,1920,7600,-352
53150,1360,7584,-272
53176,976,7984,-48
53200,448,8272,192
53224,-64,8016,352
53248,-576,7664,432
53273,-464,7392,272
53298,-32,7504,-48
53322,192,7840,-176
53347,240,7920,-256
53372,80,7888,-80
53395,-64,7904,176
53419,-208,7856,368
53444,-160,7680,464
53469,-64,7696,272
53493,-80,7936,112
53517,-32,8080,192
53541,-16,8000,144
53564,32,7984,256
53587,-48,7920,288
53611,-336,8000,288
53636,-656,7936,400
53661,-512,7936,272
53686,-320,7856,144
53711,-112,7840,32
53735,-160,7888,224
53760,320,7888,480
53784,320,7776,400
53808,-48,7648,416
53832,-80,7680,464
53856,-16,7888,464
53880,-64,7904,416
53904,-112,7904,464
53929,0,7840,576
53951,-32,7808,544
53975,-64,7760,512
53999,-48,7728,416
54023,-112,7632,352
54048,-32,7600,416
54072,144,7664,448
54096,288,7760,608
54120,336,7904,752
54144,16,7968,704
54167,-96,7936,720
54191,-48,7792,464
54214,176,7776,496
54238,288,8016,352
54262,256,8000,416
54286,1072,7712,400
54311,1360,7632,400
54336,640,7824,592
54360,384,7920,528
54384,-704,7824,336
54409,-560,7856,176
54434,144,7664,80
54457,272,7440,144
54481,1296,7600,336
54506,1024,7936,640
54531,1056,7792,688
54556,1088,7632,464
54581,864,7696,304
54605,816,7728,144
54629,528,7728,160
54653,864,7920,144
54677,1312,8064,368
54702,1472,8128,368
54727,1184,7856,512
54752,1184,7600,400
54777,1344,7872,352
54802,1360,8000,432
54827,1360,7856,272
54852,1120,7680,304
54877,864,7696,256
54901,784,7696,304
54925,1008,7712,416
54950,1280,7632,448
54975,1488,7584,464
55000,1424,7552,400
55025,1328,7616,464
55050,1328,7568,304
55075,1744,7504,192
55100,1808,7888,160
55125,1552,8080,48
55149,832,8208,-48
55173,48,8032,-16
55196,-496,7552,96
55220,-544,7344,32
55244,-208,7488,-96
55269,304,7872,-304
55294,608,7824,-496
55319,560,7744,-432
55344,512,8048,-128
55369,608,7920,304
55393,656,7904,544
55417,608,8032,512
55441,736,8128,416
55464,112,8128,320
55488,0,7792,320
55510,-64,7632,176
55534,128,7712,96
55557,288,7728,368
55581,320,7584,400
55605,656,7760,656
55629,736,7728,896
55653,608,7824,784
55677,352,7776,592
55701,432,8048,544
55725,208,7920,720
55749,464,7744,992
55773,400,7792,1104
55798,528,7776,848
55822,528,7664,784
55846,448,7984,320
55870,336,8064,64
55893,496,7824,-96
55917,272,7680,320
55941,112,7584,720
55964,80,7648,880
55987,16,7728,880
56010,512,7632,656
56034,736,7664,448
56058,784,7680,320
56082,816,7680,160
56106,752,7664,352
56130,800,7616,384
56154,976,7728,400
56178,976,7776,320
56202,912,7872,448
56226,1008,7968,608
56251,928,7792,816
56275,1712,7984,960
56300,1696,8176,912
56325,944,8016,912
56349,576,7552,784
56373,496,7392,704
56397,1008,7600,576
56422,1328,7936,752
56447,1360,8064,752
56472,1296,8064,608
56497,1056,8480,352
56522,560,8176,240
56546,144,7120,176
56570,-32,6768,80
56593,80,7296,96
56614,224,7824,64
56637,480,7984,400
56661,624,7840,544
56685,672,7792,880
56709,688,7680,864
56733,800,7664,912
56757,480,7680,976
56781,352,7632,848
56805,256,7568,864
56829,304,7760,608
56853,448,7776,512
56877,704,7744,448
56901,880,7792,464
56925,928,7856,480
56949,880,7888,592
56973,848,7856,608
56997,640,7856,512
57021,368,7920,496
57045,368,7872,448
57069,384,7840,608
57093,752,7840,784
57117,816,7680,800
57141,752,7648,944
57164,624,7728,624
57188,544,7856,576
57212,576,7664,432
57236,656,7712,448
57260,624,7712,416
57284,544,7792,448
57308,528,7840,560
57332,496,7760,640
57356,512,7792,624
57380,624,7728,624
57404,512,7760,528
57428,576,7792,608
57452,592,7840,544
57476,480,7808,496
57500,688,7792,512
57524,624,7840,496
57548,528,7808,368
57572,608,7792,464
57596,544,7792,448
57620,544,7840,496
57644,608,7792,480
57668,720,7760,512
57692,592,7744,480
57716,608,7776,432
57739,672,7888,352
57763,768,7760,416
57787,688,7792,384
57811,688,7792,320
57835,544,7792,336
57859,608,7840,352
57883,624,7808,352
57907,672,7872,384
57931,656,7856,400
57955,752,7840,496
57979,608,7808,416
58003,592,7808,352
58027,560,7840,320
58051,608,7808,336
58075,672,7808,192
58099,640,7808,368
58123,640,7808,384
58147,640,7856,400
58171,672,7792,448
58195,608,7680,320
58219,512,7744,384
58243,656,7808,384
58267,640,7840,416
58290,576,7824,448
58314,592,7856,432
58338,656,7856,448
58362,704,7824,352
58386,672,7792,416
58410,752,7760,448
58434,688,7792,416
58458,576,7760,512
58482,704,7840,464
58506,624,7824,448
58530,624,7792,464
58554,672,7776,496
58578,608,7776,496
58602,608,7744,640
58626,624,7792,544
58650,624,7824,512
58674,576,7808,416
58698,640,7824,480
58722,592,7808,400
58746,592,7840,512
58770,656,7744,432
58794,592,7792,448
58818,624,7792,336
58842,672,7776,512
58865,832,7792,448
58889,624,7824,576
58913,640,7824,448
58937,688,7728,464
58961,624,7808,432
58985,624,7872,464
59009,624,7840,464
59033,656,7760,448
59057,576,7824,448
59081,576,7872,480
59105,544,7776,432
59129,608,7808,416
59153,672,7824,464
59177,608,7744,432
59201,560,7808,448
59225,608,7776,528
59249,672,7872,320
59273,656,7792,512
59297,592,7776,496
59321,624,7760,464
59345,560,7808,576
59369,624,7776,464
59393,624,7760,576
59417,640,7808,512
59440,608,7808,528
59464,640,7824,496
59488,688,7792,496
59512,640,7824,512
59536,656,7808,624
59560,688,7808,432
59584,784,7808,432
59608,832,7776,432
59632,816,7856,480
59656,752,7840,400
59680,800,7680,512
59704,720,7648,448
59728,576,7680,544
59752,656,7808,416
59776,912,7744,592
59800,928,7584,592
59824,1040,7680,624
59849,928,7696,624
59873,992,7664,688
59897,1200,7680,704
59922,1312,7728,832
59947,1216,7744,912
59972,960,7808,912
59996,960,7728,864
60020,1072,7616,592
60045,1216,7712,528
60070,1040,7744,464
60095,528,7712,416
60119,592,7472,416
60143,-320,6928,160
60168,-240,6480,112
60193,-208,6816,448
60218,-208,10144,3760
60245,800,9840,2672
60270,1232,8032,1744
60296,1280,9056,1856
60322,1312,7808,1264
60348,-400,6432,864
60373,-1024,5776,288
60399,-928,6096,336
60424,-864,6160,928
60449,-96,6208,1296
60474,-384,6768,1328
60500,-480,6976,1072
60526,-160,8336,1312
60552,80,9312,1232
60576,80,9072,1328
60600,32,8848,1456
60624,0,8368,1760
60647,288,8288,1744
60672,592,8144,2240
60697,-1472,9248,1824
60724,-1568,10752,672
60751,-48,8528,-352
60776,-816,8144,-1120
60803,-2560,8656,-1280
60831,-2384,7552,-1744
60859,-1936,7312,-2288
60887,-736,7552,-2896
60914,512,7584,-2736
60940,1072,7520,-2528
60968,1952,8048,-2256
60995,2400,7872,-1904
61022,2064,7632,-608
61048,992,6992,256
61072,192,6400,960
61096,-176,6384,1456
61122,-80,6096,1440
61147,-112,6000,1584
61173,960,6416,1648
61198,1136,6688,1600
61224,1200,6448,1680
61250,1248,6272,1584
61276,1424,6864,1664
61302,1456,7968,1552
61328,1856,8768,1488
61354,1952,9472,1392
61380,3376,9904,1280
61406,2848,12080,1440
61433,416,10448,1376
61459,-560,7488,480
61484,-1120,6960,-128
61511,-1952,7184,-720
61538,-2432,7840,-1648
61567,-1936,8656,-2320
61595,-1136,8688,-1824
61623,-1056,7632,-624
61650,320,7088,1168
61675,1792,6944,2560
61701,1552,3904,1424
61727,1248,4096,1520
61753,528,4800,928
61777,-640,5456,688
61802,-1136,6320,1184
61829,-576,6992,1728
61855,0,8240,1920
61878,32,9472,704
61901,656,13184,3296
61927,1312,9712,3344
61953,528,8928,4096
61978,240,11632,2432
62004,-576,8576,-432
62030,-544,7712,-1456
62057,-1856,8768,-3840
62085,-704,8160,-3968
62112,704,6832,-3552
62138,976,7008,-3136
62164,784,8352,-2928
62190,880,8768,-1936
62217,96,8048,-208
62240,16,6576,992
62263,-16,5392,1728
62288,208,5008,2784
62313,960,4944,3104
62338,1616,5024,2496
62364,1696,5648,2080
62390,1872,6288,1872
62417,2240,6352,2256
62443,2064,6288,2496
62469,1600,6960,2816
62495,1040,8032,2944
62521,896,8528,3056
62546,2224,8736,3232
62572,4384,8208,2992
62598,4432,10656,3424
62625,1808,12400,3392
62652,-336,9056,1168
62678,-928,7696,-176
62704,-1344,6752,-1232
62732,-1968,6688,-2256
62760,-1712,7728,-3200
62788,-1008,7984,-2288
62817,-96,7632,-1072
62843,832,7200,288
62867,1008,7696,3520
62893,1504,4336,1920
62919,1024,3056,1680
62945,816,4352,1328
62970,-48,5328,1056
62995,-160,6288,976
63020,-112,7920,928
63045,16,9760,1792
63069,96,9264,896
63092,1056,10384,2288
63119,2048,9456,3424
63145,1856,6720,3104
63171,-592,10784,3568
63198,-1008,11280,848
63225,-816,7792,-1584
63252,-1568,8144,-3520
63280,-1056,8528,-4480
63308,608,7792,-4032
63334,1504,7968,-3344
63361,1408,8000,-2480
63388,1232,7808,-1264
63415,144,7136,384
63439,-288,6160,1328
63465,-496,5568,1984
63492,-160,4944,2592
63518,800,4736,2048
63543,1264,5104,1568
63569,1616,5920,1680
63595,1872,6608,1600
63621,1840,7328,1872
63647,1440,8016,2400
63673,1392,8624,2944
63699,1888,9040,3616
63725,3648,9104,3712
63751,4288,9152,2592
63777,1536,11200,2784
63804,1232,10096,1728
63831,-800,7776,-80
63856,-848,7520,-1040
63883,-1744,7360,-1936
63911,-2064,7728,-2768
63939,-1248,7984,-2432
63968,-576,7632,-1440
63995,-432,6928,-448
64021,336,6352,832
64045,1696,6576,2944
64071,1008,4272,1344
64097,1168,4080,1360
64123,624,5952,1248
64148,720,6560,1440
64173,544,7280,1856
64198,992,8032,1600
64223,1168,8592,272
64248,1200,13248,4624
64275,-384,10144,4096
64302,-3264,10496,960
64329,-1728,9072,-288
64356,208,7472,-2016
64382,-656,7952,-3840
64409,64,8384,-4784
64434,992,7808,-4608
64460,1072,7760,-3856
64487,592,8080,-3072
64513,480,8592,-1600
64539,160,8128,48
64562,208,6768,976
64586,448,5440,1760
64611,528,5056,2336
64636,832,5120,2336
64661,848,4976,1792
64686,992,5200,1616
64711,1296,5808,1920
64737,1408,6304,2288
64763,1696,7040,2560
64789,1104,8000,2688
64815,1184,9008,2416
64842,2288,8992,2336
64868,4560,8784,2192
64894,4368,11408,2672
64921,1312,11184,2720
64948,-176,8768,1312
64974,-1184,8224,224
65000,-1648,7712,-736
65027,-1696,6944,-1472
65055,-2160,7344,-2144
65083,-1664,8208,-2208
65111,-864,7712,-976
65137,176,6864,224
65161,1264,7024,2288
65187,1312,4976,1264
65213,1488,4160,1760
65239,752,5088,1280
65264,80,5424,720
65287,-464,5888,848
65312,-448,6848,1312
65338,0,7344,1456
65361,688,8736,1424
65386,960,10496,1648
65412,912,11728,3280
65438,960,8624,3440
65463,-1872,11072,2064
65492,-2272,9984,48
65517,-224,8304,-1200
65544,-928,7424,-3376
65571,-1440,8032,-4224
65599,-16,7264,-3568
65625,576,7296,-3104
65651,608,8016,-2656
65677,1904,8320,-1920
65704,1808,8432,-480
65730,880,6896,896
65754,224,5744,1504
65779,112,5312,2080
65804,96,5648,2224
65828,144,5552,1872
65853,416,5552,1552
65878,496,6128,1488
65903,1360,6336,1648
65929,2112,6528,1856
65955,2192,6896,2272
65981,1424,7968,2496
66007,1152,8944,2448
66033,1392,9424,2528
66059,2880,8544,2064
66085,3104,10448,2720
66112,1328,10992,2576
66139,128,8368,1088
66164,-592,8208,48
66188,-1232,8048,-800
66215,-2192,7280,-1792
66244,-2448,7680,-2288
66272,-1568,8048,-1824
66300,-640,7680,-976
66326,0,7088,-336
66349,656,6336,288
66373,1088,5808,1392
66399,1152,5472,1952
66425,512,4608,1376
66450,448,5024,1152
66475,240,5984,1296
66500,160,6944,1728
66525,112,7504,1312
66550,96,8672,1072
66574,528,9952,1280
66599,640,11792,3216
66625,960,7344,2560
66650,-272,9904,34