53,-12064,-1024,-48
64,-8112,-544,-112
75,-8048,-512,-96
86,-7984,-544,-176
97,-7904,-576,-208
108,-8016,-560,-112
129,-7984,-640,-144
154,-8016,-544,-128
179,-8032,-576,-288
204,-8000,-560,-128
229,-7968,-560,-176
254,-7984,-544,-176
279,-8000,-496,-336
304,-8064,-496,-336
329,-8000,-608,-176
354,-7968,-576,-208
379,-8000,-576,-144
404,-8048,-576,-176
429,-7872,-592,-128
454,-8032,-592,-112
479,-8000,-592,-176
504,-8016,-672,-176
529,-7968,-560,-208
554,-7888,-624,-64
578,-7984,-656,-48
602,-8048,-640,-160
627,-8016,-624,-64
651,-7936,-640,-160
676,-7968,-608,-240
701,-7920,-592,-208
726,-7984,-592,-208
751,-8000,-560,-160
776,-7984,-592,-176
801,-8000,-672,-32
825,-7984,-608,-144
850,-7952,-640,-128
875,-7936,-704,-288
900,-7968,-640,-160
925,-7968,-624,-192
950,-8032,-688,-176
975,-7952,-640,-400
1000,-8032,-656,-64
1025,-8016,-592,-144
1051,-7984,-592,-64
1076,-8048,-624,-64
1101,-8000,-608,-176
1127,-8000,-560,-176
1153,-7872,-576,-112
1179,-7968,-576,-128
1205,-7984,-592,-224
1231,-8032,-656,-128
1257,-8016,-624,-144
1283,-7856,-608,-144
1309,-8032,-656,-192
1335,-8000,-608,-160
1361,-7968,-608,-160
1388,-7968,-704,-112
1414,-7952,-672,-48
1439,-8016,-656,-240
1465,-7952,-624,-112
1491,-8000,-576,-160
1517,-8000,-528,-80
1542,-8048,-576,-240
1568,-7984,-528,-128
1594,-7984,-560,-192
1620,-7824,-592,-336
1646,-8000,-560,-128
1672,-8016,-624,-160
1698,-8000,-592,-400
1724,-7952,-576,-224
1750,-7984,-608,-192
1776,-8016,-640,-176
1802,-8016,-656,-176
1828,-8016,-688,-112
1854,-8048,-624,-128
1880,-7936,-592,-224
1906,-7936,-576,-144
1932,-8000,-592,-160
1958,-7984,-512,-368
1984,-7984,-496,-160
2010,-8000,-608,-112
2036,-7952,-640,-160
2063,-8032,-624,-176
2089,-8064,-608,-96
2114,-8016,-592,-160
2140,-7952,-608,-160
2166,-8000,-624,-160
2192,-7936,-640,-208
2218,-8048,-608,-144
2244,-7952,-640,-128
2270,-8016,-640,-176
2296,-7952,-592,-160
2322,-7952,-592,-176
2348,-8016,-608,-96
2373,-8016,-640,-208
2399,-8016,-608,-144
2425,-7952,-608,-96
2450,-8032,-640,-192
2476,-7984,-576,-208
2502,-8048,-528,-272
2528,-7968,-576,-192
2554,-7920,-624,16
2578,-7984,-656,-192
2604,-8064,-576,-192
2630,-7952,-624,-32
2655,-8016,-592,-208
2681,-8000,-608,48
2705,-8016,-608,-96
2730,-7984,-624,-80
2755,-8064,-672,-128
2781,-7984,-624,-144
2807,-8032,-560,-128
2833,-7984,-544,-352
2859,-7936,-624,-208
2885,-7984,-560,-144
2911,-8032,-560,-160
2938,-7984,-576,-128
2964,-7952,-560,-176
2990,-8000,-608,-224
3016,-7952,-656,-208
3042,-8016,-592,-128
3068,-8016,-624,-128
3094,-7984,-608,-192
3120,-8016,-592,-304
3146,-8080,-576,-112
3172,-7952,-544,-144
3198,-7968,-560,-128
3224,-8000,-640,-224
3250,-8096,-624,-192
3276,-7968,-608,-176
3302,-8016,-656,-160
3328,-8016,-576,-144
3354,-7920,-624,-192
3380,-7952,-576,-224
3406,-7952,-624,-192
3432,-8016,-640,-160
3458,-7984,-608,-496
3484,-8096,-608,-208
3510,-7968,-672,-176
3536,-7984,-576,-112
3563,-8032,-544,-112
3589,-7984,-608,-224
3615,-7984,-640,-272
3641,-8048,-640,-128
3667,-7952,-640,-48
3692,-7984,-608,-176
3718,-7968,-560,0
3741,-8064,-592,-160
3767,-8016,-608,-32
3792,-8032,-624,-320
3818,-7984,-640,-240
3844,-7952,-608,-224
3870,-8000,-592,-320
3896,-7984,-560,-160
3922,-8048,-624,-144
3948,-7952,-592,-192
3974,-7984,-544,-96
3999,-8032,-576,-208
4025,-7984,-576,-112
4051,-8032,-608,-160
4077,-8032,-608,-176
4103,-8032,-576,-32
4128,-8000,-640,-144
4154,-7952,-640,-208
4180,-7984,-624,-224
4206,-7968,-688,-112
4232,-8016,-624,-192
4258,-8016,-640,-176
4284,-8000,-608,-176
4310,-8016,-608,-144
4336,-7856,-640,-192
4363,-7904,-672,-256
4389,-7968,-640,-192
4415,-7968,-544,-192
4441,-8000,-624,-144
4467,-8016,-640,-176
4493,-8048,-672,-144
4519,-8000,-576,-192
4545,-8032,-560,-112
4571,-7968,-576,-160
4597,-7968,-560,-208
4623,-7920,-592,80
4647,-7968,-592,-144
4673,-8032,-560,-176
4699,-7872,-624,-32
4724,-7984,-576,-208
4750,-8016,-592,-144
4776,-8000,-672,-176
4802,-7936,-624,-112
4828,-8000,-544,-192
4854,-7984,-656,-176
4880,-8000,-672,-128
4906,-7952,-544,-144
4932,-7984,-608,-80
4957,-8000,-608,-144
4983,-7968,-640,-304
5009,-8000,-592,-176
5035,-7952,-592,-128
5061,-8000,-592,-112
5088,-8000,-592,-144
5114,-7968,-608,-160
5140,-8016,-608,-112
5166,-8032,-704,-208
5192,-7984,-624,-192
5218,-7968,-608,-128
5244,-7936,-832,-160
5270,-7920,-544,-96
5295,-7984,-608,-208
5321,-7968,-672,-176
5347,-7856,-608,-240
5373,-8016,-608,-208
5399,-7968,-640,-192
5425,-8032,-608,-192
5451,-7936,-656,-160
5477,-8032,-640,-176
5503,-7952,-736,-176
5529,-7984,-624,-176
5555,-7968,-624,-128
5581,-8032,-640,-448
5607,-7920,-656,-192
5633,-8000,-592,-208
5659,-7968,-608,-176
5685,-7968,-576,-128
5711,-7952,-624,-176
5738,-7952,-656,-336
5764,-8096,-624,-208
5790,-7920,-640,-160
5816,-7952,-672,-160
5842,-7984,-608,-224
5868,-7952,-688,-32
5893,-7936,-624,-128
5919,-7952,-560,-176
5945,-7984,-592,-128
5971,-8000,-608,-32
5996,-8064,-560,-160
6022,-7984,-592,-176
6048,-7840,-624,-160
6074,-7952,-592,-224
6100,-7936,-576,-160
6126,-7952,-624,-192
6152,-8016,-624,-160
6178,-7840,-608,-176
6204,-8000,-624,-48
6229,-8016,-624,-96
6254,-7984,-656,-176
6280,-8032,-608,-112
6306,-8000,-608,-176
6332,-8000,-592,-160
6358,-8000,-560,-208
6384,-8032,-608,-160
6410,-7904,-624,-144
6436,-8064,-640,-144
6463,-8016,-608,-128
6489,-8000,-656,-160
6515,-8000,-576,-160
6541,-7968,-592,-160
6567,-8032,-544,-96
6592,-8032,-544,-128
6618,-8096,-608,-16
6643,-8064,-608,-160
6669,-7984,-624,-128
6695,-7968,-576,-144
6721,-8000,-576,-240
6747,-8000,-576,-208
6773,-8000,-624,-128
6799,-7984,-576,-160
6825,-7936,-592,-192
6851,-8000,-624,-128
6877,-8096,-640,-144
6903,-8016,-624,-160
6929,-8016,-576,-176
6955,-8032,-576,-208
6981,-7952,-496,-208
7007,-7952,-560,-208
7033,-7968,-640,-240
7059,-8000,-672,-176
7085,-7984,-672,-144
7111,-8000,-688,-384
7138,-7872,-656,64
7161,-7968,-624,-160
7188,-7968,-640,-176
7214,-7968,-576,-16
7239,-7984,-640,-128
7265,-7952,-592,-128
7291,-7920,-624,-224
7317,-8064,-592,-144
7343,-8000,-544,-160
7369,-8000,-544,-176
7395,-8000,-560,-208
7421,-8000,-544,-160
7447,-7952,-560,-176
7473,-8016,-624,-176
7499,-8000,-576,-192
7525,-8000,-576,-336
7551,-7984,-544,-208
7577,-8000,-528,-64
7602,-8000,-480,-128
7628,-8000,-512,-160
7654,-8000,-576,-176
7680,-7952,-560,-64
7705,-8000,-544,-192
7731,-8000,-496,64
7755,-7984,-544,-160
7781,-8048,-512,-208
7807,-8048,-528,-272
7833,-8080,-544,-160
7859,-8016,-480,-256
7885,-8032,-496,-128
7911,-8048,-448,-160
7938,-8064,-464,-256
7964,-8032,-352,-80
7989,-8000,-400,-160
8015,-8016,-416,-224
8041,-8016,-448,-208
8067,-8016,-416,-336
8093,-8064,-496,-208
8119,-7984,-544,-160
8145,-8000,-464,-176
8171,-7936,-480,-224
8197,-7952,-560,-400
8223,-7984,-496,-160
8249,-7984,-496,-176
8275,-8016,-528,-160
8301,-8048,-528,-224
8327,-7904,-512,-144
8353,-8064,-560,-208
8379,-7968,-528,-208
8405,-8000,-480,-224
8431,-7952,-528,-160
8457,-8128,-464,-288
8483,-7968,-512,-240
8509,-8016,-448,-176
8535,-7968,-512,-208
8561,-8032,-544,-160
8587,-7952,-560,-192
8614,-8000,-560,-320
8640,-8032,-560,-208
8666,-8000,-608,-176
8692,-7984,-544,-272
8718,-8096,-592,-224
8744,-8032,-496,-144
8770,-7984,-544,-176
8796,-8048,-512,-192
8822,-8000,-592,-64
8847,-7952,-560,-272
8873,-7984,-560,-176
8899,-8048,-624,-176
8925,-8032,-624,-128
8951,-8064,-592,-144
8977,-8000,-512,-272
9003,-8048,-544,-208
9029,-7952,-624,-224
9055,-8032,-544,-288
9081,-7968,-560,-240
9107,-8000,-608,-176
9133,-8000,-624,-240
9159,-8016,-560,-240
9185,-7984,-576,-240
9211,-8048,-512,-144
9237,-8000,-576,-176
9264,-8000,-576,-224
9290,-7952,-544,-224
9316,-7920,-576,-224
9342,-8048,-608,-272
9368,-7952,-560,-176
9394,-8016,-592,-208
9420,-8096,-544,-208
9446,-7968,-576,-240
9472,-8000,-624,-224
9498,-7968,-560,-160
9524,-8000,-560,-128
9550,-7984,-576,-144
9576,-7984,-544,-192
9602,-7904,-528,-304
9628,-8048,-448,-160
9654,-8032,-576,-208
9680,-7984,-640,-144
9706,-8080,-608,-256
9732,-7984,-624,-96
9757,-7984,-640,-208
9783,-7968,-576,-208
9809,-7936,-576,-160
9835,-7984,-592,-192
9861,-8032,-528,-176
9887,-8016,-512,-176
9914,-8000,-480,-256
9940,-7984,-560,-208
9966,-7968,-512,-240
9992,-7984,-528,-224
10018,-8032,-496,-208
10045,-7984,-512,-192
10072,-7936,-560,-240
10099,-7936,-496,-176
10126,-8064,-576,-144
10153,-7952,-544,-176
10180,-8128,-544,-208
10207,-7968,-512,-272
10234,-7984,-528,-208
10261,-7952,-496,-352
10289,-7952,-560,-208
10316,-8000,-528,-192
10343,-8032,-496,-208
10370,-7968,-592,-240
10397,-7952,-576,-160
10424,-8016,-544,-208
10451,-8032,-512,-176
10478,-8000,-608,-192
10505,-8016,-544,-176
10532,-7936,-560,-176
10559,-7984,-576,-208
10586,-7968,-560,-176
10614,-7984,-560,-336
10641,-8048,-560,-80
10667,-8096,-576,-208
10694,-8000,-480,-128
10721,-7984,-592,-192
10748,-8032,-560,-160
10775,-7984,-496,-176
10802,-7984,-512,-240
10829,-7952,-544,-208
10856,-7888,-576,-272
10883,-7968,-608,-192
10910,-8000,-576,-176
10937,-8000,-560,-160
10965,-8016,-576,-240
10992,-7984,-528,-192
11019,-8048,-560,-160
11046,-8000,-560,-208
11073,-7936,-560,-224
11100,-7968,-544,-160
11127,-8016,-544,-160
11154,-7984,-544,-240
11181,-7968,-576,-176
11208,-7984,-592,-144
11235,-8016,-576,-192
11262,-7968,-544,-224
11290,-8000,-560,-192
11317,-7984,-592,-208
11344,-7968,-576,-272
11371,-8016,-592,-160
11398,-8016,-544,-192
11425,-8032,-528,-192
11452,-7984,-560,-208
11479,-7936,-576,-176
11506,-7936,-560,-256
11533,-8000,-592,-192
11560,-8032,-576,-160
11587,-7872,-576,-112
11615,-8032,-576,-160
11642,-8000,-496,-144
11669,-7968,-512,-208
11696,-8000,-496,-240
11723,-8048,-528,-256
11750,-8016,-560,-256
11777,-8000,-592,-240
11804,-8016,-576,-224
11831,-7968,-592,-208
11858,-8064,-512,-192
11885,-7968,-576,-128
11912,-8000,-576,-208
11940,-7984,-544,-496
11967,-7968,-448,-256
11994,-7920,-496,16
12019,-7968,-496,-128
12046,-8048,-496,-176
12073,-7968,-480,-240
12100,-7952,-544,-176
12127,-7968,-528,-160
12154,-7984,-784,-240
12181,-8000,-592,-240
12208,-8032,-576,-176
12235,-8032,-560,-224
12262,-8000,-560,-160
12290,-8016,-592,-144
12317,-7984,-560,-240
12344,-7936,-608,-192
12371,-7936,-576,-224
12398,-8032,-592,-208
12425,-8000,-560,-224
12452,-7984,-544,-192
12479,-8000,-592,-192
12506,-8048,-576,-192
12533,-7968,-528,-160
12560,-7984,-512,-240
12587,-7952,-576,-160
12615,-7904,-608,-160
12642,-8016,-512,-256
12669,-8000,-544,-144
12696,-8016,-544,-192
12723,-8000,-528,-224
12750,-8000,-560,-192
12777,-8016,-512,-192
12804,-7952,-608,-176
12831,-8032,-544,-160
12858,-7952,-592,-176
12885,-8000,-576,-176
12912,-8048,-560,-176
12940,-8000,-560,-160
12967,-8032,-512,-192
12994,8016,-528,-112
13021,-7936,-560,-176
13048,-7952,-544,-192
13075,-7984,-576,-64
13101,-7936,-464,-192
13128,-8032,-592,-192
13155,-8032,-544,-192
13182,-7984,-544,-192
13209,-7984,-480,-192
13236,-8000,-512,-144
13264,-8096,-464,-80
13290,-8048,-544,-160
13317,-7968,-544,-224
13344,-7952,-560,-240
13371,-7968,-560,-192
13398,-7952,-608,-176
13425,-8016,-656,-176
13452,-7984,-512,-160
13479,-8016,-480,-192
13506,-8016,-576,-144
13533,-8000,-608,-208
13560,-7936,-560,-176
13587,-8032,-544,-192
13615,-8016,-592,-176
13642,-8032,-528,-208
13669,-7984,-464,-240
13696,-8048,-624,-160
13723,-7968,-544,-160
13750,-8000,-544,-256
13777,-8016,-544,-208
13804,-7952,-544,-224
13831,-7952,-592,-176
13858,-7968,-576,-240
13885,-8016,-544,-224
13912,-7968,-672,-176
13940,-8016,-608,-144
13967,-8032,-592,-208
13994,-8064,-528,-272
14021,-7968,-544,-272
14048,-7968,-528,-192
14075,-8000,-576,-128
14102,-8096,-640,-144
14129,-7920,-624,-240
14156,-8080,-608,-240
14183,-8016,-592,-208
14210,-8000,-544,-176
14237,-7968,-608,-160
14265,-7984,-544,-208
14292,-8016,-592,-160
14319,-8000,-544,-240
14346,-8000,-576,-176
14373,-8000,-528,-192
14400,-8032,-432,-112
14427,-8016,-528,-272
14454,-7984,-512,-304
14481,-8064,-496,-288
14508,-7984,-608,-224
14535,-7968,-688,-64
14561,-8016,-496,-112
14589,-8032,-720,-128
14616,-7936,-656,-208
14643,-7952,-592,-224
14670,-8048,-528,-192
14697,-8016,-544,-192
14724,-8000,-512,-160
14751,-8048,-512,-208
14778,-8016,-576,-224
14805,-8016,-528,-160
14832,-8016,-528,-192
14859,-8000,-528,-208
14886,-8016,-560,-192
14914,-8096,-640,-80
14940,-8016,-624,-224
14967,-8000,-592,-208
14994,-7984,-608,-192
15021,-7984,-560,-176
15048,-8000,-624,-112
15075,-8064,-416,-176
15102,-8000,-576,-208
15129,-8048,-528,-208
15156,-7984,-560,-256
15183,-7856,-544,-192
15210,-7952,-560,-176
15237,-7920,-592,-256
15265,-7840,-544,-192
15292,-8048,-576,-208
15319,-8016,-592,-192
15346,-7968,-544,-176
15373,-8048,-528,-192
15400,-8000,-528,-240
15427,-7984,-560,-176
15454,-7952,-608,-224
15481,-7952,-624,-224
15508,-8000,-592,-160
15535,-7968,-544,-160
15562,-7936,-560,-176
15590,-8032,-544,-32
15616,-8080,-544,-144
15643,-7984,-592,-208
15670,-8000,-544,-208
15697,-8016,-560,-176
15724,-7936,-640,-208
15751,-7968,-560,-144
15778,-8000,-576,-176
15805,-7968,-544,-160
15832,-7920,-528,-208
15859,-8000,-496,-144
15886,-8064,-496,-128
15914,-8160,-480,-32
15940,-8128,-432,-80
15966,-8128,-400,16
15991,-8096,-352,16
16016,-8048,-432,0
16040,-8064,-560,-112
16067,-7968,-480,-96
16093,-7888,-448,-176
16120,-7984,-464,-96
16146,-7984,-576,48
16171,-8000,-512,112
16197,-7904,-480,64
16222,-8032,-528,176
16248,-8032,-704,272
16274,-8080,-880,464
16300,-8064,-816,384
16326,-8112,-576,448
16352,-7984,-576,384
16378,-7920,-608,272
16404,-7872,-528,64
16429,-7920,-608,384
16455,-7808,-368,384
16481,-7920,-304,256
16507,-7888,-432,160
16533,-7824,-416,320
16559,-7920,-464,352
16585,-7936,-528,560
16611,-7936,-464,656
16637,-7936,-400,592
16664,-7904,-464,368
16690,-7920,-464,608
16716,-7936,-384,544
16742,-7968,-240,560
16768,-7936,-192,496
16794,-7984,-224,336
16820,-8032,-144,272
16846,-8112,-368,448
16872,-8096,-432,528
16898,-8112,-192,320
16924,-8016,64,224
16948,-8080,128,-64
16973,-8160,208,-160
16999,-8144,112,-224
17025,-8048,64,-416
17050,-8144,-176,-128
17077,-8208,-112,96
17102,-7952,144,-144
17128,-7920,656,-288
17154,-7904,416,-448
17180,-7840,400,-384
17206,-8000,224,-304
17232,-8000,160,-240
17258,-8032,368,-432
17284,-8064,784,-784
17310,-8080,928,-720
17336,-8080,800,-368
17362,-8080,624,-240
17389,-8112,368,0
17411,-8016,240,-16
17436,-8128,-160,48
17461,-8112,-496,0
17485,-7968,-688,32
17510,-8032,-512,-336
17537,-7968,-352,-224
17565,-7920,-272,-176
17592,-7952,-400,-64
17618,-7936,-432,80
17643,-7936,-512,208
17669,-8048,-384,336
17695,-7984,-464,544
17721,-8048,-448,688
17747,-8096,-384,1056
17774,-8112,-224,1808
17801,-8208,-304,2048
17828,-8496,-928,1520
17855,-8400,-1584,1696
17883,-7568,-1136,1760
17911,-7760,-112,1536
17939,-7168,848,1056
17965,-7040,448,1008
17991,-7328,320,1296
18017,-7088,96,1392
18042,-7200,-112,1200
18069,-6864,-112,464
18095,-6896,-208,-192
18122,-6848,-224,-224
18149,-7840,-320,224
18175,-8400,-784,960
18201,-11056,-1808,2208
18230,-10720,-368,3424
18258,-10224,0,-1376
18284,-5824,-176,-1776
18312,-5824,-368,-192
18340,-8608,-176,1520
18367,-8336,208,-880
18393,-7920,-112,-1440
18421,-8160,-1120,-592
18449,-8096,-608,-448
18476,-8176,-64,-272
18502,-8032,-240,-16
18528,-8032,-320,-336
18555,-7760,-144,-208
18582,-8112,64,192
18606,-8176,64,112
18630,-8016,176,144
18655,-7856,384,-64
18680,-7984,464,224
18705,-8080,496,-48
18730,-8096,576,-128
18756,-8144,368,-352
18782,-8032,112,-656
18808,-8096,-64,-928
18834,-8176,-560,-912
18861,-8048,-1040,-656
18890,-7856,-1184,-496
18918,-7904,-1088,-416
18946,-8016,-816,-560
18973,-8128,-496,-416
19000,-7984,-400,-464
19027,-7936,-464,-384
19054,-7792,-432,-224
19081,-7968,-384,-352
19108,-7888,-208,-256
19135,-7776,-240,-720
19162,-7872,-368,-688
19190,-7920,-432,-544
19217,-7968,-576,-432
19244,-8064,-672,-384
19271,-7968,-624,-512
19298,-8080,-432,-480
19325,-8032,-416,-448
19352,-8032,-336,-400
19379,-8080,-352,-416
19406,-8048,-320,-416
19433,-8112,-352,-400
19460,-8080,-384,-368
19487,-8032,-384,-448
19515,-8192,-336,-16
19541,-8192,-496,224
19567,-8208,-848,64
19592,-7824,-656,-112
19619,-7664,-176,32
19644,-7712,0,576
19667,-7776,-240,1024
19694,-7872,-96,1072
19720,-8016,160,1040
19746,-8144,64,1008
19771,-8224,-128,1152
19798,-7888,-144,1264
19825,-7120,-96,560
19850,-6928,176,208
19875,-6976,480,-16
19900,-7392,256,352
19925,-7472,32,704
19949,-7296,16,208
19973,-8048,-256,-144
20000,-9888,-1296,1104
20028,-9680,-1104,592
20055,-8176,160,0
20078,-7264,208,-64
20103,-7168,-704,160
20129,-8192,-1040,32
20155,-7968,-528,-672
20182,-7632,-32,-976
20208,-8048,208,-944
20234,-7952,-32,-464
20260,-7920,-96,-448
20286,-8128,-160,-288
20314,-8000,112,-384
20340,-7968,288,-464
20366,-8112,320,-48
20391,-8128,144,112
20416,-8112,352,144
20441,-8048,400,-32
20466,-8096,576,-320
20492,-8064,592,-416
20518,-8064,624,-368
20544,-7888,368,-448
20570,-7888,16,-800
20595,-8016,-288,-880
20622,-8192,-368,-624
20649,-8176,-464,-688
20676,-8128,-688,-720
20703,-7808,-880,-576
20730,-7792,-592,-576
20757,-7776,-272,-784
20784,-7936,-384,-624
20811,-8048,-448,-768
20839,-7808,-352,-768
20866,-7760,-352,-624
20893,-7936,-432,-624
20920,-7904,-624,-912
20947,-8032,-624,-816
20974,-8048,-592,-720
21001,-7904,-576,-928
21028,-7776,-592,-880
21055,-7792,-576,-896
21082,-7888,-544,-976
21109,-7840,-736,-976
21136,-7920,-848,-1280
21165,-8080,-960,-1408
21193,-8080,-1072,-1312
21222,-8016,-1168,-1152
21251,-7920,-1008,-1056
21280,-7952,-768,-1104
21308,-7824,-608,-1056
21336,-7664,-560,-1152
21365,-7696,-688,-1120
21393,-7616,-816,-1104
21421,-7984,-976,-1024
21449,-7888,-880,-992
21476,-7936,-832,-1072
21504,-7872,-800,-1152
21532,-7744,-752,-1040
21560,-7808,-768,-1232
21589,-7840,-928,-1152
21617,-7840,-912,-1184
21645,-7808,-832,-1136
21673,-7872,-784,-1168
21701,-7872,-784,-1168
21729,-7920,-768,-1232
21757,-7920,-864,-1152
21785,-7904,-784,-1232
21814,-7824,-768,-1168
21842,-7920,-784,-1264
21870,-7856,-720,-1392
21898,-7872,-704,-1344
21926,-7904,-816,-1232
21954,-7904,-864,-1184
21982,-7904,-832,-1264
22010,-7920,-832,-1232
22039,-7888,-720,-1136
22067,-7904,-672,-1248
22095,-7904,-784,-1312
22123,-7856,-832,-1312
22151,-7808,-736,-1296
22179,-7920,-736,-1312
22207,-7872,-752,-1248
22235,-7920,-752,-1152
22264,-7920,-704,-1072
22292,-7872,-832,-1056
22320,-7824,-768,-1168
22348,-7744,-624,-1072
22376,-7680,-672,-1248
22404,-7904,-816,-1216
22432,-7840,-832,-1168
22460,-7904,-768,-1040
22489,-7920,-768,-1072
22517,-7952,-656,-1024
22545,-7840,-656,-1104
22573,-7856,-656,-1184
22601,-7904,-608,-1232
22629,-7808,-688,-1152
22657,-7856,-736,-1200
22685,-7904,-704,-1136
22714,-7888,-688,-1248
22742,-7888,-672,-1184
22770,-7808,-704,-1296
22798,-7872,-704,-1232
22826,-7920,-672,-1408
22854,-7840,-736,-1200
22882,-7856,-704,-1264
22910,-7904,-800,-1280
22939,-7872,-784,-1200
22967,-7856,-688,-1248
22995,-7904,-720,-1200
23023,-7840,-736,-1232
23051,-7888,-720,-1184
23079,-7856,-784,-1056
23107,-7856,-704,-1168
23135,-7904,-720,-1072
23164,-7856,-672,-1168
23192,-7840,-672,-1264
23220,-7856,-672,-1264
23248,-7888,-736,-1168
23276,-7936,-720,-1056
23304,-7904,-688,-1216
23332,-7760,-688,-1168
23360,-7904,-640,-1184
23389,-7936,-768,-1120
23417,-7904,-848,-1424
23445,-7872,-720,-1216
23473,-7920,-672,-1152
23501,-7920,-784,-1168
23529,-7872,-688,-1200
23557,-7920,-720,-1264
23585,-7952,-624,-1072
23614,-7936,-640,-1120
23642,-7872,-608,-1088
23670,-7808,-672,-1248
23698,-7808,-704,-1168
23726,-7856,-656,-1168
23754,-7856,-688,-1120
23782,-7936,-784,-1136
23810,-7904,-688,-1056
23839,-7824,-640,-992
23866,-7952,-688,-1072
23894,-7920,-624,-1088
23922,-7888,-672,-960
23949,-7888,-752,-1376
23977,-7968,-752,-1088
24005,-7904,-672,-1056
24033,-7904,-672,-1120
24061,-7920,-704,-1040
24090,-7936,-672,-1040
24118,-7888,-640,-1120
24146,-7984,-720,-1008
24174,-7936,-688,-1056
24202,-7888,-688,-1184
24230,-7904,-656,-1040
24258,-7840,-672,-1184
24286,-7936,-704,-1056
24315,-7872,-672,-1024
24343,-7952,-688,-1072
24371,-7824,-640,-1072
24399,-7888,-640,-1088
24427,-7920,-704,-1104
24455,-7840,-688,-1040
24483,-7920,-672,-1024
24511,-7856,-624,-1072
24540,-7936,-640,-1056
24568,-7872,-768,-1088
24596,-7952,-720,-1024
24624,-7952,-656,-1056
24652,-7888,-656,-1056
24680,-7952,-640,-1008
24708,-7920,-624,-1072
24736,-7920,-688,-944
24764,-7760,-704,-1040
24792,-7888,-656,-1088
24820,-7904,-704,-1216
24848,-7920,-720,-1056
24876,-7920,-720,-832
24903,-7952,-736,-1072
24931,-7872,-704,-1056
24959,-7904,-624,-1056
24987,-7728,-672,-1056
25016,-7952,-656,-1184
25044,-7936,-688,-1040
25072,-7936,-640,-1008
25100,-7824,-656,-1104
25128,-7856,-608,-1136
25156,-7936,-656,-1072
25184,-7888,-640,-1104
25212,-7872,-688,-960
25240,-7904,-624,-1056
25268,-7936,-656,-1312
25296,-7904,-688,-1136
25324,-7952,-704,-1088
25352,-7904,-672,-1008
25380,-7872,-624,-1120
25408,-7936,-688,-1264
25436,-7920,-704,-1088
25465,-7904,-656,-1088
25493,-7904,-688,-1104
25521,-7904,-656,-960
25548,-7888,-736,-1072
25576,-7920,-640,-1136
25604,-7936,-656,-960
25631,-7952,-608,-1040
25659,-8032,-624,-1040
25687,-7920,-672,-1120
25716,-7872,-656,-1088
25744,-7792,-720,-1136
25772,-7920,-592,-1072
25800,-7936,-656,-1120
25828,-7808,-688,-1024
25856,-7920,-640,-1088
25884,-7952,-608,-1152
25912,-7840,-624,-1152
25941,-7872,-624,-1072
25969,-7888,-592,-1088
25997,-7920,-640,-1056
26025,-7968,-672,-1008
26053,-7936,-640,-976
26080,-7968,-624,-1152
26108,-7872,-640,-1008
26136,-7872,-576,-864
26163,-7904,-560,-992
26191,-8016,-640,-1120
26219,-7936,-608,-1056
26247,-7968,-688,-1056
26275,-7856,-784,-976
26302,-7888,-784,-1024
26330,-7872,-672,-960
26357,-7744,-704,-1024
26385,-7904,-656,-1072
26413,-7888,-704,-992
26441,-7824,-592,-1088
26469,-7936,-688,-1040
26497,-7920,-576,-1008
26525,-7920,-688,-1104
26553,-7888,-720,-1200
26581,-7968,-752,-1168
26609,-7824,-688,-1152
26637,-7712,-640,-1248
26666,-7776,-496,-944
26693,-7888,-224,-1200
26721,-7904,-224,-1376
26749,-7936,-464,-1504
26777,-8048,-912,-816
26804,-8000,-816,-912
26831,-7904,-768,-1104
26859,-7776,-624,-1056
26887,-7776,-480,-944
26915,-8016,-432,-896
26942,-8128,-320,-800
26969,-7936,-208,-800
26996,-7920,-208,-720
27023,-8048,-160,-576
27050,-8144,-80,-336
27076,-8208,96,16
27099,-8208,96,256
27123,-8208,-32,528
27148,-8064,80,1136
27173,-8192,816,992
27198,-8288,528,176
27223,-9056,-656,624
27249,-10064,-1008,2832
27278,-10016,128,1808
27305,-7936,640,-2192
27332,-7712,1216,1776
27359,-7264,96,1344
27384,-6464,688,640
27409,-6320,848,912
27434,-5664,880,1440
27460,-5712,704,2032
27486,-5600,688,2208
27512,-5776,560,2816
27538,-6928,720,3120
27565,-6816,592,3840
27591,-7728,928,4304
27617,-8480,1120,4800
27644,-8368,1248,4848
27671,-7248,1280,4928
27698,-6192,1792,3936
27725,-7024,-736,2512
27752,-12176,-1008,2816
27781,-9648,-32,5152
27807,-9440,2272,5984
27834,-5248,-640,2368
27861,-4464,-3280,720
27888,-7872,-2848,2368
27917,-9440,112,-640
27943,-8288,16,-1504
27969,-8192,736,-144
27995,-8416,3264,-1344
28023,-7808,2080,-304
28050,-8080,1040,432
28076,-8128,-496,336
28102,-7872,-768,464
28128,-7744,-448,32
28153,-7152,-208,-48
28179,-7760,-176,-144
28206,-7504,64,-48
28230,-7664,512,0
28253,-7440,272,-240
28279,-7296,112,-256
28305,-7520,144,-288
28331,-7504,272,160
28356,-7792,304,16
28380,-8160,64,-768
28405,-7984,144,-1776
28432,-8192,1120,-704
28459,-9088,1056,-864
28486,-12336,1008,1184
28515,-11024,2304,-896
28543,-9744,1216,176
28569,-8048,-832,528
28595,-9776,-2720,1664
28623,-9920,-2672,640
28650,-9200,-1136,144
28677,-8672,-1536,-1184
28706,-8800,160,16
28730,-9136,416,976
28755,-9136,1488,1616
28782,-6208,1184,-672
28809,-5216,96,32
28832,-4320,656,192
28857,-4064,480,1200
28883,-4272,80,1440
28908,-4064,-16,816
28933,-4144,-96,1168
28959,-4736,-16,2800
28985,-7568,1072,5952
29012,-8592,5504,6048
29040,-18736,2880,6416
29068,-4336,1904,6160
29095,-4368,-224,848
29121,-15984,-336,544
29148,-2752,-2272,464
29175,-7376,-2128,3328
29203,-10080,-1760,2256
29232,-9824,-1088,-4192
29261,-8128,1104,-336
29288,-9104,2720,-1040
29317,-7232,1536,1072
29344,-7296,272,128
29369,-8464,-448,304
29395,-7872,-1168,304
29422,-6864,-352,912
29448,-6912,832,208
29473,-7248,544,80
29497,-7280,976,272
29522,-7472,896,304
29547,-7328,80,-352
29572,-7232,-64,-384
29598,-7536,112,16
29622,-7552,256,432
29647,-8208,560,-32
29672,-8208,736,-1168
29699,-7824,656,-1328
29726,-8000,-272,192
29752,-8592,-656,288
29778,-11744,2000,-2336
29807,-11344,3200,-384
29835,-11280,2160,96
29861,-9856,-896,-976
29888,-8272,-2368,2176
29917,-8832,-2304,896
29944,-8704,-1072,-1360
29973,-10080,-1360,-624
30002,-10160,-1232,-272
30031,-9312,-720,832
30057,-8576,976,1232
30083,-7024,736,-192
30109,-5536,16,-480
30134,-4368,528,-944
30160,-4128,0,-368
30184,-4336,-32,-16
30209,-4512,64,-32
30233,-2848,-848,352
30259,-2704,-624,1184
30286,-7136,-336,3328
30313,-20224,5360,8256
30342,-9136,3424,7856
30369,-4464,1776,4816
30396,-9280,-2960,-304
30424,-13168,-1712,4624
30453,-13088,2128,3360
30481,-4304,-2544,448
30508,-7920,-3168,-1296
30537,-7920,-1920,752
30565,-7600,1808,-3664
30593,-9008,3424,-1152
30621,-7344,1856,160
30647,-8288,784,-368
30673,-8496,-688,832
30699,-7088,-560,-64
30725,-6864,-656,48
30750,-6944,-352,-304
30777,-6928,-528,-176
30804,-7344,384,464
30829,-7280,-608,-352
30856,-7184,-176,-368
30883,-7408,160,-304
30909,-7856,144,432
30934,-8048,480,-800
30960,-8016,1872,-1280
30988,-8176,1536,-816
31016,-8032,880,656
31041,-11472,1728,-1232
31070,-11952,3408,-864
31098,-10432,1264,-448
31126,-8672,-1888,1392
31154,-9728,-3360,1168
31182,-9808,-2752,416
31209,-9536,-2800,-304
31237,-10368,-1920,-576
31267,-9072,400,864
31292,-8352,1360,1488
31319,-8224,1200,496
31345,-7296,896,-16
31370,-5120,288,-400
31396,-4048,-112,-656
31423,-3136,-80,-368
31449,-3328,-368,160
31475,-3344,-416,592
31501,-3616,-784,1088
31528,-6400,-1072,3664
31556,-16288,2464,10224
31585,-11520,3056,6448
31613,-6368,2224,7856
31641,-6256,-512,1632
31668,-12240,-800,2192
31696,-10640,736,4816
31723,-4784,576,384
31748,-4576,-2752,-4528
31777,-5088,-4656,2960
31805,-7824,-896,-2176
31833,-10192,3056,-4640
31862,-7776,1792,-928
31890,-7424,736,848
31915,-7408,-112,-688
31942,-7552,-1696,-464
31970,-7184,-784,-64
31996,-7264,-48,-496
32022,-7232,736,-768
32048,-7296,-32,-960
32074,-7504,-64,-544
32100,-7568,-176,-256
32127,-7456,96,96
32150,-8144,320,-272
32176,-8320,1264,-224
32203,-8544,1520,288
32229,-8784,720,-336
32255,-9248,720,-576
32281,-9280,800,528
32306,-11120,2288,-2288
32335,-12288,2704,-304
32363,-9824,-208,-2320
32392,-9312,-1824,1952
32420,-8752,-2416,-560
32448,-9056,-1392,-336
32476,-9888,-1360,-816
32504,-9760,-64,-288
32530,-9344,480,1456
32556,-9200,1888,1600
32583,-7008,688,-464
32609,-5552,-448,-1312
32637,-4160,-608,-192
32665,-4112,-352,272
32691,-4208,656,96
32715,-3984,304,-128
32741,-3888,-1344,-112
32769,-4656,-2448,1072
32797,-7152,-272,4544
32824,-7472,8032,9632
32851,-21168,4832,7360
32879,-8560,2608,5216
32906,-9808,0,720
32929,-14480,-3328,1216
32958,-9872,3104,5232
32985,-4208,-1104,-912
33013,-6496,-3648,-1552
33043,-7008,-3488,1648
33071,-8768,928,-6000
33098,-9776,2416,-1088
33126,-7216,2080,496
33152,-7392,512,-112
33178,-8000,-16,256
33203,-7408,-368,400
33229,-7088,-80,256
33254,-7120,896,160
33279,-7232,656,-400
33305,-7328,1056,640
33331,-7296,176,-80
33356,-7312,32,-208
33381,-7152,64,-112
33406,-7712,192,528
33431,-7504,176,16
33455,-7360,-320,-1552
33483,-7952,80,-1296
33509,-8624,544,-144
33535,-9424,1296,-1056
33563,-9760,1760,208
33590,-11296,3376,-656
33618,-11264,1648,-736
33646,-9744,-1728,1328
33674,-9232,-2880,2336
33702,-8832,-2960,-864
33730,-8528,-2768,-816
33758,-9840,-3056,-80
33785,-9760,-448,416
33811,-8880,1120,480
33837,-7472,1136,704
33863,-6064,1296,400
33890,-5280,128,-304
33916,-4672,80,-304
33941,-3984,128,-80
33966,-3728,240,352
33991,-3664,32,624
34015,-3632,-256,544
34041,-4320,64,1584
34066,-8320,-1104,4464
34094,-19424,4304,7856
34122,-19488,3136,7088
34150,-4992,1120,6656
34177,-13056,-704,928
34204,-14320,-1856,1968
34233,-11808,3984,4352
34261,3024,-5568,-2544
34290,-6000,-4208,2240
34318,-6800,-1280,1248
34346,-9824,2496,-6176
34374,-7328,2352,208
34400,-6752,2800,1008
34427,-7936,1440,-896
34454,-8080,128,80
34478,-7568,-816,304
34504,-7344,-576,208
34530,-7136,160,272
34555,-7312,32,-480
34580,-7360,80,-448
34605,-6944,240,-32
34630,-7136,-32,-656
34656,-7136,-224,-784
34683,-7744,-496,-288
34710,-7744,-336,224
34736,-7776,-368,-608
34763,-7856,352,-1120
34791,-8464,608,-800
34817,-8592,352,96
34841,-8512,2208,-1552
34869,-11344,2704,-416
34897,-11168,2608,560
34924,-9552,1184,-512
34951,-8528,-1472,240
34978,-9776,-3312,2592
35006,-9552,-3328,-1216
35035,-9296,-2160,-1888
35065,-10000,-304,608
35092,-8912,720,1152
35118,-8192,1072,-96
35144,-7184,-48,96
35168,-6480,-144,240
35194,-5488,544,-416
35220,-4528,-416,-368
35247,-3952,64,-176
35272,-4160,288,256
35297,-3456,448,432
35322,-3088,368,784
35347,-2928,-928,1824
35374,-11712,-64,4960
35401,-18064,3680,8112
35429,-7440,3680,7232
35456,-4352,2592,4048
35483,-9088,-1200,112
35510,-12560,-2208,3440
35540,-10256,1616,3984
35568,-5888,-1328,1184
35596,-4208,-3216,-3568
35625,-7760,-4416,4192
35653,-8336,1536,-3808
35681,-8416,2640,-3632
35709,-6864,1856,944
35735,-7456,1296,336
35761,-8192,-464,-912
35788,-8144,-1360,992
35816,-7872,-640,480
35842,-7232,608,-128
35868,-7136,400,-832
35894,-7632,560,-448
35920,-7136,736,-128
35946,-7200,400,-320
35972,-7072,-224,-976
35999,-7168,32,-640
36024,-7840,128,-336
36050,-7616,-176,256
36076,-8368,224,-368
36102,-8288,768,-2144
36129,-7120,1040,-1840
36157,-8592,1536,-320
36184,-12768,1488,512
36211,-11760,2256,-2224
36241,-9888,1648,432
36267,-8320,-1184,176
36294,-9664,-4288,2400
36322,-10128,-4112,448
36350,-9312,-2688,-1648
36379,-9504,-832,-976
36406,-8464,256,1712
36432,-8240,272,1056
36458,-6992,576,352
36483,-6864,-256,272
36509,-6352,0,-112
36533,-5584,-288,160
36559,-5472,320,192
36584,-5104,768,176
36609,-4432,176,0
36632,-4352,-144,368
36658,-4320,-608,928
36684,-4416,-48,1792
36710,-9424,272,4832
36736,-15584,3360,9520
36765,-10432,2720,7408
36793,-4752,1248,4624
36820,-4496,-2768,1072
36848,-7088,-2608,2912
36876,-10944,-1600,4528
36905,-5488,1840,4592
36932,-4400,-1008,-3168
36961,-8208,-3024,-224
36990,-7904,-400,576
37016,-8384,688,-1312
37043,-8496,-16,-656
37069,-8560,32,-752
37094,-7328,-432,-1088
37122,-8640,80,-192
37147,-7936,-912,-320
37174,-8192,-1392,640
37201,-7744,-944,-464
37228,-7744,96,-592
37253,-7936,1376,-128
37280,-8368,1328,400
37306,-8192,960,176
37331,-7712,1216,208
37357,-7856,1232,-32
37383,-7792,1088,384
37409,-8064,560,416
37434,-7760,672,576
37459,-7600,480,416
37484,-7712,96,288
37508,-8096,368,416
37533,-8112,448,496
37558,-8096,672,176
37583,-8080,768,-688
37609,-8320,624,-1232
37636,-8208,-176,-1152
37665,-7840,-1152,-816
37693,-7376,-1600,-848
37721,-7504,-1440,-560
37749,-7920,-944,-592
37776,-7904,-672,-464
37803,-8016,-592,-384
37830,-7904,-672,-304
37857,-7872,-896,-128
37884,-8176,-672,-176
37911,-8240,-320,-416
37938,-8176,0,-912
37962,-8192,160,-1312
37990,-7840,-320,-1840
38018,-7584,-1200,-1424
38047,-7728,-1360,-480
38075,-7952,-1040,-432
38103,-7904,-768,-640
38130,-7952,-720,-608
38157,-7904,-688,-736
38184,-7904,-736,-1024
38212,-7904,-960,-1152
38241,-7984,-1072,-944
38269,-8048,-1136,-864
38297,-8000,-1104,-880
38325,-7808,-944,-896
38352,-7808,-880,-944
38379,-7824,-944,-944
38406,-7920,-976,-816
38433,-7952,-896,-848
38460,-7952,-912,-816
38487,-7952,-912,-800
38515,-8000,-880,-832
38542,-7904,-816,-720
38569,-7856,-816,-816
38596,-7904,-832,-736
38623,-7936,-864,-736
38650,-7920,-864,-720
38677,-7968,-944,-752
38704,-7952,-928,-752
38731,-7856,-880,-784
38758,-7888,-848,-720
38785,-7952,-832,-736
38812,-7952,-800,-784
38840,-7904,-832,-704
38867,-7824,-832,-752
38894,-7936,-768,-800
38921,-7936,-752,-720
38948,-7856,-880,-720
38975,-7808,-784,-736
39002,-7920,-800,-832
39029,-7920,-800,-640
39056,-7840,-832,-672
39083,-7936,-800,-608
39110,-7904,-752,-608
39137,-7904,-800,-704
39165,-8032,-800,-752
39192,-7888,-768,-736
39219,-8000,-768,-768
39246,-7984,-736,-800
39273,-8000,-768,-752
39300,-7872,-688,-784
39327,-7952,-752,-784
39354,-7952,-752,-656
39381,-7968,-752,-704
39408,-7968,-800,-784
39435,-7888,-752,-752
39462,-7904,-736,-768
39490,-7936,-800,-688
39517,-8000,-752,-784
39544,-8000,-672,-752
39571,-7888,-784,-832
39598,-7984,-752,-784
39625,-8000,-752,-736
39652,-7936,-752,-848
39679,-7888,-752,-864
39706,-7952,-736,-624
39733,-7952,-736,-784
39760,-7984,-672,-864
39787,-7872,-720,-752
39815,-7952,-736,-752
39842,-7952,-720,-784
39869,-7936,-720,-720
39896,-7952,-768,-752
39923,-7984,-720,-784
39950,-7952,-736,-784
39977,-7952,-736,-816
40004,-7904,-672,-832
40031,-7936,-720,-768
40058,-7904,-672,-784
40085,-7936,-640,-768
40112,-7936,-656,-752
40140,-7936,-672,-720
40167,-7952,-704,-768
40194,-7968,-736,-864
40221,-7968,-720,-768
40248,-7952,-736,-768
40275,-7936,-672,-752
40302,-7984,-656,-800
40329,-7936,-688,-752
40356,-7936,-720,-752
40383,-7984,-704,-752
40410,-7920,-672,-752
40437,-7984,-688,-720
40465,-7968,-704,-736
40492,-7936,-704,-768
40519,-7936,-720,-784
40546,-7920,-768,-736
40573,-7920,-800,-688
40600,-7936,-752,-736
40627,-7984,-720,-800
40654,-7920,-752,-672
40681,-7888,-768,-736
40708,-7968,-704,-736
40735,-7888,-704,-720
40762,-7936,-752,-704
40790,-7872,-736,-720
40817,-7920,-704,-752
40844,-8000,-752,-656
40871,-7952,-720,-704
40898,-7920,-736,-720
40925,-7888,-752,-736
40952,-7952,-784,-752
40979,-7920,-784,-736
41006,-7952,-800,-752
41033,-7936,-752,-704
41060,-7904,-768,-688
41087,-7952,-768,-720
41115,-7920,-752,-688
41142,-7920,-704,-704
41169,-7952,-736,-704
41196,-7936,-736,-720
41223,-7792,-752,-720
41250,-7920,-736,-864
41277,-7904,-720,-496
41304,-7904,-752,-832
41331,-8032,-752,-432
41358,-7904,-784,-592
41385,-7888,-832,-720
41412,-8048,-800,-672
41440,-7936,-816,-656
41467,-7968,-800,-656
41494,-7952,-768,-736
41521,-7920,-736,-656
41548,-7952,-736,-736
41575,-7936,-720,-800
41602,-7936,-768,-736
41629,-7920,-736,-720
41656,-7936,-752,-640
41683,-7920,-736,-640
41710,-7968,-688,-688
41737,-8000,-720,-672
41764,-7968,-720,-656
41792,-7936,-752,-560
41819,-7968,-720,-576
41846,-7920,-704,-496
41873,-7888,-736,-640
41900,-7952,-688,-560
41927,-7920,-736,-816
41954,-7824,-688,-544
41981,-7872,-848,-752
42008,-7904,-688,-528
42035,-8016,-720,-656
42062,-7952,-704,-672
42089,-7952,-736,-736
42117,-7968,-752,-656
42144,-7968,-784,-624
42171,-8000,-736,-624
42198,-7952,-752,-624
42225,-7936,-784,-624
42252,-7936,-800,-608
42279,-7984,-832,-496
42306,-7872,-816,-544
42333,-7920,-848,-592
42360,-8000,-816,-640
42387,-7968,-800,-688
42414,-7920,-880,-656
42442,-7904,-848,-608
42469,-7952,-880,-688
42496,-7856,-832,-576
42523,-8000,-896,-752
42550,-7936,-896,-480
42577,-8000,-880,-752
42604,-7936,-960,-480
42631,-8000,-944,-656
42658,-7936,-960,-512
42685,-7936,-976,-576
42712,-7952,-960,-592
42739,-7952,-960,-608
42767,-7936,-960,-576
42794,-7872,-912,-512
42821,-8000,-896,-544
42848,-7968,-864,-448
42875,-7904,-880,-448
42902,-7920,-960,-496
42929,-7952,-1040,-512
42957,-7888,-1056,-528
42985,-7872,-1056,-464
43013,-7872,-960,-640
43041,-7904,-848,-384
43068,-7984,-784,-368
43095,-7936,-736,-336
43122,-7904,-688,-304
43149,-7952,-608,-144
43176,-8016,-544,-160
43203,-8064,-528,-144
43230,-7984,-432,-192
43257,-7952,-464,64
43282,-8160,-352,368
43308,-8288,-384,400
43334,-8176,-336,496
43360,-8208,-336,672
43386,-8672,-368,816
43412,-8512,-480,816
43438,-8128,-272,1344
43466,-7856,-112,1168
43493,-8032,624,832
43518,-7712,64,928
43542,-7600,-128,912
43568,-8112,128,1008
43594,-8000,80,1392
43619,-7872,-320,1680
43646,-7440,-432,1616
43673,-7280,-192,1872
43700,-7296,128,1840
43726,-7264,144,1872
43752,-7152,112,1936
43778,-7248,256,1920
43804,-7312,576,2096
43830,-7152,720,2352
43856,-7440,1184,2560
43883,-7648,1552,2528
43910,-7680,1792,2272
43937,-7888,1760,2320
43964,-7728,1344,2016
43992,-8064,-16,2256
44018,-8880,-800,2944
44045,-8912,-384,2912
44072,-8080,-464,2464
44099,-7072,-240,1168
44126,-7104,-336,640
44152,-7584,-64,880
44177,-8080,240,368
44202,-8064,304,576
44227,-8016,352,720
44252,-8016,-16,624
44277,-8016,-256,464
44303,-8256,-496,464
44329,-8192,-304,224
44355,-8080,-64,-128
44381,-7920,272,-176
44407,-7904,176,-176
44433,-8080,-16,-128
44459,-8176,-208,-32
44485,-8176,-48,96
44509,-7968,112,-272
44535,-8096,-48,-368
44561,-8080,304,-768
44587,-7936,560,-688
44613,-7984,496,-480
44639,-8160,384,-464
44666,-7984,144,-560
44692,-7904,176,-624
44718,-7952,256,-672
44744,-7984,480,-592
44770,-7984,384,-592
44796,-7776,160,-688
44822,-7952,384,-768
44848,-8048,704,-1008
44875,-8096,1008,-1280
44903,-8064,1232,-1328
44931,-8048,1200,-1040
44959,-8000,928,-592
44985,-8176,640,-352
45011,-8288,176,-400
45037,-8336,-592,-224
45064,-8192,-928,64
45089,-8368,-1152,544
45117,-8208,-1024,560
45144,-7936,-576,144
45170,-7696,-240,-240
45197,-7952,-480,-320
45224,-8112,-1008,80
45250,-8192,-864,464
45276,-8112,-672,848
45302,-7904,-800,1024
45329,-7712,-1328,1136
45357,-7664,-1584,1488
45385,-7584,-1392,1536
45413,-7728,-1168,1536
45442,-7824,-784,1504
45469,-7648,-656,1600
45496,-7440,-512,1712
45523,-7440,-448,1504
45550,-8144,-112,1088
45577,-7312,-240,480
45603,-7104,-208,480
45629,-7984,-192,736
45655,-7984,-400,1296
45682,-8128,-528,1920
45709,-8192,-496,2608
45736,-8144,-640,1584
45763,-8000,-592,656
45789,-7824,-144,416
45816,-7808,-32,352
45841,-8000,-112,624
45867,-8064,80,624
45891,-8000,240,656
45916,-8000,240,1040
45942,-7984,112,864
45967,-8288,176,336
45992,-8192,64,256
46016,-8144,-64,272
46041,-7760,-960,-304
46068,-7728,-1552,-48
46095,-8048,-2048,256
46122,-7984,-1504,-192
46150,-7728,-592,-320
46177,-7792,-576,-416
46204,-7872,-336,-288
46231,-8128,-112,-32
46257,-8144,-224,-32
46283,-7936,-192,-304
46310,-7952,-256,-512
46337,-8016,-224,-400
46364,-7984,-112,-288
46392,-8048,80,-160
46417,-8064,288,-288
46443,-8032,480,-256
46469,-7920,608,32
46493,-8176,560,32
46517,-8112,528,-112
46543,-8128,272,-432
46569,-8064,32,-144
46594,-8048,-144,-368
46621,-7760,-528,-464
46648,-7856,-608,-432
46675,-8016,-176,-160
46702,-8096,16,16
46725,-8016,160,-144
46751,-7888,400,-416
46777,-7872,672,-1024
46804,-8208,448,-992
46830,-8176,0,-288
46854,-8208,-512,-288
46881,-7632,-864,-416
46908,-8016,-608,-256
46935,-8128,-112,-176
46962,-7840,-96,-336
46988,-7824,-160,-368
47016,-7984,-80,-336
47042,-8000,-64,-368
47068,-8096,-96,-704
47094,-8048,-320,-608
47121,-8160,-512,-624
47148,-8144,-416,-400
47175,-8144,-96,-224
47201,-7968,144,-208
47227,-8016,96,-144
47252,-8128,192,-128
47278,-8080,0,128
47301,-7840,-144,-48
47327,-7984,-128,-16
47353,-7920,-144,-64
47379,-7904,-208,-224
47406,-8144,-368,-336
47433,-8160,-336,-336
47460,-8064,-176,-352
47487,-7984,-176,-496
47514,-7872,-304,-608
47542,-7984,-320,-736
47569,-7936,-336,-640
47596,-7984,-448,-480
47623,-8096,-528,-368
47650,-8032,-544,-304
47677,-8032,-304,-448
47704,-8032,-240,-480
47731,-8000,-208,-368
47758,-7984,-304,-336
47785,-8032,-320,-288
47812,-8032,-336,-432
47839,-8000,-432,-448
47867,-7920,-368,-400
47894,-7984,-368,-368
47921,-7856,-384,-448
47948,-7984,-416,-384
47975,-7888,-384,-416
48002,-7920,-400,-352
48029,-7872,-416,-432
48056,-8016,-416,-192
48083,-8000,-448,-304
48110,-8144,-576,-336
48137,-8144,-368,-144
48164,-8080,-288,-320
48192,-7904,-384,-496
48219,-7920,-336,-448
48246,-8000,-448,-368
48273,-8048,-448,-336
48300,-8080,-304,-384
48327,-8016,-288,-400
48354,-7984,-304,-448
48381,-8016,-448,-448
48408,-8000,-416,-384
48435,-8032,-400,-384
48462,-8080,-400,-352
48489,-8000,-320,-336
48517,-7952,-320,-320
48544,-8032,-320,-672
48571,-8016,-272,-400
48598,-7936,-352,-448
48625,-7984,-320,-464
48652,-7968,-304,-432
48679,-7984,-288,-496
48706,-7824,-240,-464
48733,-8048,-288,-512
48760,-7920,-288,-496
48787,-7936,-320,-384
48814,-8064,-352,-448
48842,-7968,-288,-416
48869,-8016,-320,-416
48896,-8016,-304,-400
48923,-8080,-320,-368
48950,-8064,-352,-400
48977,-8032,-368,-384
49004,-8064,-320,-384
49031,-8064,-448,-400
49058,-7984,-384,-400
49085,-7952,-304,-416
49112,-8000,-208,-400
49139,-8016,-192,-320
49167,-7968,-160,-304
49194,-8032,-272,-448
49221,-8016,-400,-496
49248,-7856,-384,-368
49275,-7904,-352,-304
49302,-7904,-224,-304
49329,-8016,-240,-304
49356,-8080,-144,-288
49383,-8016,-32,-160
49409,-8064,160,-176
49435,-7984,272,-96
49460,-7984,80,-64
49484,-8048,-304,-32
49510,-8048,-240,208
49536,-8112,224,240
49561,-8128,416,192
49586,-8128,416,256
49611,-8160,736,464
49636,-8480,864,688
49661,-8336,672,784
49686,-8208,352,976
49711,-8256,304,544
49736,-7152,976,272
49761,-6688,1472,800
49787,-7872,928,3232
49813,-10368,144,5184
49841,-11056,-928,5472
49869,-8560,208,-4064
49896,-7568,3648,-1008
49924,-8016,1616,3600
49951,-8000,880,1344
49977,-6816,368,528
50002,-4576,864,1232
50028,-5168,1072,2224
50055,-6352,656,2864
50081,-6816,-16,3344
50107,-6880,-16,4192
50133,-7008,1024,4192
50160,-8288,1776,4752
50187,-7680,1152,5424
50214,-7216,1184,5088
50242,-6432,1136,3312
50269,-6448,-720,3120
50296,-11264,-160,3936
50324,-10576,2256,6848
50352,-7328,2096,4224
50379,-5120,-2400,96
50405,-4960,-5072,3136
50433,-8544,-2800,1408
50461,-10272,2496,-4048
50491,-8096,2000,-224
50518,-7440,3088,368
50544,-8272,1680,-576
50571,-8304,256,-272
50597,-7936,-480,256
50623,-7504,-656,368
50649,-6976,-368,64
50674,-7040,-256,-416
50701,-7104,528,-400
50727,-7104,352,-592
50753,-6576,128,-320
50779,-7712,-16,592
50804,-8224,368,1008
50830,-8240,976,-160
50856,-7888,1296,-784
50883,-8832,1712,-304
50910,-9728,528,-496
50936,-11024,496,-608
50963,-11264,2400,-960
50992,-11296,2336,-1168
51021,-10432,336,384
51047,-8304,-1824,1008
51075,-8384,-2224,1984
51103,-9920,-2832,-1424
51132,-10016,-2656,-1040
51162,-10080,240,704
51188,-9792,1536,800
51214,-7568,-1120,-304
51243,-6624,-96,288
51268,-6640,-160,-816
51295,-3936,1104,-752
51322,-4144,1104,128
51348,-3904,368,272
51373,-2336,-1216,752
51400,-2096,-544,1328
51427,-5936,64,4560
51452,-18256,5328,8592
51480,-10416,2496,9984
51508,-5392,-1152,3840
51536,-14096,-464,1136
51564,-12672,5264,4560
51593,-10912,-4256,-1040
51623,-7824,-6160,2048
51651,-8048,-1376,-2000
51680,-10208,1232,-3568
51709,-8016,2000,-160
51736,-7536,2368,592
51762,-7920,944,352
51787,-7824,-16,-240
51813,-7648,-1088,336
51841,-6576,192,256
51866,-6560,704,-160
51892,-6800,1072,-544
51919,-7392,1184,304
51945,-6896,16,432
51969,-7392,80,560
51993,-7728,528,560
52018,-7664,1024,1232
52045,-8320,496,-464
52071,-8240,928,-1520
52098,-9600,1584,240
52124,-10848,1552,-80
52151,-11216,4176,-1744
52180,-10608,2672,-992
52208,-11600,-1728,3520
52237,-8832,-3024,-672
52266,-9680,-3024,-944
52294,-10400,-1360,-512
52323,-10000,400,-416
52350,-9408,768,800
52375,-8304,560,480
52400,-7264,-1216,-48
52427,-7104,-1024,-656
52455,-5952,448,-672
52481,-3536,224,-832
52507,-3552,624,-160
52533,-3200,848,496
52558,-2608,-112,560
52584,-3472,-672,1488
52611,-10064,1824,5232
52639,-19136,5408,8112
52668,-5312,1440,7472
52695,-6432,-3088,3216
52723,-15760,-3248,2304
52752,-8288,3056,2080
52779,-3584,-4400,-2944
52808,-6400,-2624,1216
52836,-8576,2032,-5248
52864,-8752,1728,-1696
52893,-8288,1520,64
52918,-8016,848,496
52943,-7680,-352,384
52969,-6912,-848,-480
52996,-6384,-1136,32
53022,-6544,-16,-1168
53049,-6928,432,-768
53075,-6848,-304,-848
53102,-7328,80,864
53126,-8256,-176,2592
53153,-7648,608,-272
53179,-7872,1248,-1232
53207,-8672,1712,-496
53234,-10128,736,-288
53261,-10128,1088,960
53288,-10752,3440,-1808
53318,-11776,3136,-688
53346,-10704,-944,-1536
53375,-10480,-3856,2992
53404,-9568,-3520,-688
53432,-10368,-2304,48
53459,-10528,-816,-720
53487,-10368,1056,-432
53516,-8400,2112,2176
53543,-6160,-96,512
53568,-4736,-272,-832
53595,-3760,256,-992
53621,-3232,704,-736
53647,-3504,-112,-256
53674,-3920,144,32
53698,-3024,-432,224
53724,-3264,-560,944
53750,-7440,-704,2544
53777,-19056,4864,9424
53805,-8912,2656,8912
53832,-4752,1488,7328
53859,-11840,-4144,-800
53888,-15104,-2480,5360
53918,-5648,1600,2256
53945,-1648,-3568,-4176
53974,-8224,-4384,3488
54002,-9456,1184,-3712
54030,-9088,3824,-2416
54058,-9152,1328,160
54084,-7568,1136,32
54109,-7648,336,304
54134,-7616,-1008,-48
54161,-6304,-1904,272
54188,-6688,-832,0
54212,-6992,432,-592
54238,-7120,976,-512
54264,-6784,336,-288
54291,-7568,-704,352
54317,-8256,-640,1360
54344,-7744,96,416
54368,-8064,1040,-80
54394,-8160,1744,-208
54421,-8400,1952,176
54447,-10784,2688,-2096
54476,-11936,2528,-1648
54505,-11856,800,688
54531,-9632,-2928,96
54557,-10496,-4384,2112
54586,-10656,-2864,-1056
54617,-10896,-1936,-640
54646,-8624,-528,1232
54673,-8224,1136,1536
54700,-6960,112,432
54725,-5856,-224,432
54751,-5408,-736,-576
54778,-4688,112,-320
54804,-4064,-320,-304
54831,-4064,-272,64
54856,-4224,-368,560
54882,-4192,-1120,592
54909,-5712,-784,1376
54936,-9648,-672,4096
54963,-16848,2768,8576
54992,-8752,2400,7840
55019,-5552,1744,5104
55046,-5712,768,1776
55072,-11456,-1376,1200
55101,-10688,-160,2240
55129,-10448,128,-656
55156,-7264,-1024,-3712
55185,-8688,-5040,7104
55213,-7104,-432,-7008
55242,-9968,2336,-4576
55270,-7680,3104,-1024
55298,-7760,1408,1232
55325,-7376,-128,208
55351,-7440,-160,384
55377,-7520,-528,32
55402,-8112,-464,16
55427,-7696,80,144
55451,-7504,816,208
55476,-6896,1248,400
55502,-6768,832,-256
55528,-7392,1296,-224
55555,-7776,1472,-608
55582,-7248,1216,-816
55609,-7632,1040,64
55634,-8448,-96,-608
55660,-8848,-160,-1200
55688,-8736,688,-1024
55716,-11280,2192,-816
55744,-11360,1712,400
55771,-10944,1328,608
55798,-8400,16,720
55822,-8560,-2016,1040
55850,-8800,-2688,64
55876,-8944,-320,-2144
55904,-9136,2032,-1296
55932,-10176,1984,-304
55960,-10432,592,2080
55987,-8336,192,464
56012,-6912,112,-384
56038,-4896,32,-368
56063,-4720,-496,-128
56091,-4448,352,-192
56117,-4656,-224,128
56143,-3696,-1520,240
56170,-3568,-1664,656
56197,-3120,-1120,1184
56225,-4864,1680,5024
56252,-17392,6208,9408
56280,-12688,4656,7136
56308,-2448,1808,5008
56335,-3120,528,1424
56361,-16256,-2128,-192
56391,-9744,-3632,4240
56419,-9568,1072,5984
56446,-5696,-880,-3472
56474,-4704,-4256,-4448
56503,-4976,-1040,-336
56531,-10384,3184,-1088
56560,-7936,2448,-128
56587,-7520,1664,-640
56614,-6544,960,112
56639,-8272,384,64
56663,-7104,768,512
56688,-7136,1168,112
56714,-7072,1408,-304
56742,-7184,208,-320
56768,-6864,192,-256
56794,-8112,64,-32
56818,-7232,-256,-144
56845,-7280,-64,96
56869,-7600,544,640
56894,-8496,1296,2336
56921,-8016,1872,-1520
56949,-7616,1808,-2000
56977,-8224,992,-528
57003,-8272,-1440,128
57030,-9984,-368,-1872
57058,-12048,2032,672
57085,-11216,2288,-864
57113,-10400,1408,-256
57142,-8160,-1104,1088
57170,-8704,-3984,2048
57198,-9456,-3104,-2320
57227,-9952,-2096,-1504
57256,-9728,400,992
57281,-9616,560,976
57306,-7984,928,512
57331,-6720,272,-144
57357,-5872,48,-448
57382,-4864,656,-672
57408,-4208,304,-224
57434,-4224,112,176
57459,-3536,80,400
57483,-2688,-384,720
57509,-2944,-448,1200
57536,-7328,96,3456
57561,-21664,5616,9376
57589,-10768,4272,8336
57618,-3328,1712,6160
57645,-12784,-3840,-832
57674,-12576,-3504,3536
57703,-6048,3888,2144
57730,-5136,-2912,-2000
57759,-9184,-3792,1136
57787,-7296,-1392,-1152
57817,-9280,1712,-2784
57845,-7920,2624,-944
57872,-6848,1168,432
57898,-8048,1248,896
57924,-8432,32,368
57948,-7392,-1296,1600
57976,-6768,-576,1072
58003,-7504,-32,272
58028,-7152,800,-608
58054,-7024,1328,384
58080,-6976,960,16
58104,-7200,608,-192
58130,-7440,448,288
58155,-7872,1136,448
58181,-7760,272,-304
58207,-8032,-128,-1088
58235,-7632,112,-1376
58262,-8480,-240,-1392
58290,-9648,-288,1232
58318,-9776,2928,-1424
58346,-11824,4464,-960
58374,-10448,1248,240
58401,-10400,-1632,384
58429,-8752,-3968,1776
58457,-8400,-2256,288
58484,-9152,-1472,-624
58512,-10000,-1392,-496
58542,-9488,-1040,1264
58570,-8976,-768,1088
58597,-8848,272,704
58622,-7520,-192,192
58648,-5776,-352,336
58674,-5584,272,576
58699,-4896,320,160
58724,-4512,512,16
58748,-4272,352,544
58773,-3664,-128,672
58799,-3984,-32,1104
58825,-5712,-96,1664
58851,-6000,960,3920
58877,-16672,4288,8752
58905,-9488,3920,7200
58932,-3888,1120,4000
58959,-3744,-192,2992
58986,-13984,-2416,1792
59015,-11696,-4096,2176
59045,-9920,1344,5824
59072,-7456,208,-80
59097,-4864,-2560,-288
59125,-6944,-688,1040
59152,-9184,2832,-3296
59180,-8304,1024,-912
59207,-8112,-32,1328
59233,-8224,32,400
59257,-8224,-128,16
59282,-7584,-832,736
59308,-7728,-896,608
59334,-7792,144,560
59359,-7696,976,880
59384,-7712,1280,768
59410,-7680,800,944
59435,-8000,384,1072
59461,-7920,224,1184
59487,-7968,192,592
59512,-8032,448,464
59537,-7984,816,256
59562,-8032,992,-192
59588,-7744,1168,-448
59615,-7696,1408,144
59642,-7936,880,128
59667,-8112,1008,-48
59693,-8512,528,-384
59719,-8608,-880,-720
59746,-8032,-1920,-336
59774,-8128,-1568,320
59801,-8192,-352,528
59827,-8224,-112,224
59853,-8192,-448,240
59879,-8320,-928,272
59905,-8112,-640,416
59931,-7648,-192,704
59957,-7712,80,480
59981,-7680,96,528
60005,-7776,-80,480
60030,-7808,-144,464
60056,-7840,-96,464
60081,-7792,48,608
60105,-8144,144,464
60130,-8192,176,912
60155,-8224,96,832
60179,-8016,-32,912
60204,-7840,-48,640
60229,-7792,-96,560
60254,-7792,-112,768
60280,-8000,0,960
60303,-8160,-80,976
60328,-8160,-96,1072
60354,-8016,-176,1056
60381,-7952,-192,816
60407,-7552,-288,912
60433,-7616,-464,624
60459,-7440,-256,352
60485,-7152,160,128
60510,-7120,48,288
60534,-7776,-112,272
60560,-7728,-192,448
60586,-8272,-240,336
60612,-9008,-592,432
60638,-9104,-640,960
60664,-7760,80,272
60688,-7616,32,-320
60713,-7680,-224,-64
60739,-7696,-704,720
60765,-8144,-112,896
60792,-7968,240,-176
60818,-7904,192,-288
60844,-7936,32,-144
60869,-8080,-64,-48
60894,-8064,-144,-48
60920,-8016,-336,-176
60947,-7936,-432,-208
60974,-7904,-416,-304
61001,-8016,-192,-272
61028,-8016,-192,-384
61055,-8080,-336,-464
61082,-8032,-352,-480
61109,-8000,-560,-416
61136,-8016,-608,-336
61163,-8032,-704,-208
61190,-8096,-624,-144
61218,-8016,-432,-592
61245,-7952,-432,-576
61272,-8000,-576,-544
61299,-7840,-672,-496
61326,-7968,-736,-384
61353,-7984,-736,-272
61380,-7936,-736,-304
61407,-8000,-832,-496
61434,-8048,-752,-304
61461,-7952,-704,-496
61488,-7984,-816,-400
61515,-7984,-688,-400
61543,-7888,-640,-368
61570,-7984,-576,-224
61597,-8000,-592,-224
61624,-7936,-640,-304
61651,-7936,-608,-288
61678,-7984,-608,-352
61705,-8064,-640,-208
61732,-8000,-576,-192
61759,-8016,-576,-224
61786,-8000,-560,-192
61813,-8032,-544,-144
61840,-7968,-544,-240
61868,-7984,-560,-304
61895,-7920,-592,-160
61922,-8048,-592,-240
61949,-8016,-608,-112
61976,-7968,-624,-288
62003,-7952,-608,-320
62030,-7952,-592,-272
62057,-7968,-608,-256
62084,-8016,-576,-224
62111,-7984,-512,-224
62138,-7952,-624,-288
62165,-8000,-672,-256
62193,-7984,-640,-176
62220,-7984,-640,-256
62247,-8064,-672,-208
62274,-7968,-608,-224
62301,-8064,-640,-272
62328,-7984,-624,-272
62355,-7984,-592,-208
62382,-7984,-576,-192
62409,-8000,-560,-240
62436,-8000,-576,-240
62463,-7952,-592,-192
62490,-7904,-608,-160
62518,-7920,-592,-192
62545,-8048,-672,-176
62572,-8032,-672,-176
62599,-7984,-640,-208
62626,-7968,-576,-176
62653,-8016,-624,-224
62680,-7968,-576,-128
62707,-8016,-640,-176
62734,-7984,-576,-128
62761,-8000,-560,-160
62788,-8032,-624,-144
62815,-7968,-640,-176
62843,-7984,-624,-144
62870,-7968,-656,-144
62897,-7904,-672,-160
62924,-7888,-640,-128
62951,-7984,-624,-160
62978,-7792,-656,-208
63005,-7904,-624,16
63030,-7984,-640,-128
63057,-7984,-656,-240
63084,-7920,-608,-176
63111,-7968,-624,-224
63138,-7984,-608,-48
63164,-7952,-608,-80
63190,-8032,-624,-160
63218,-8016,-640,-112
63245,-8016,-672,-80
63271,-7968,-608,-144
63298,-7984,-608,0
63322,-8000,-592,0
63346,-7984,-640,-96
63372,-7984,-624,-32
63398,-7952,-624,-32
63424,-7984,-640,-48
63450,-8032,-688,-48
63476,-8048,-624,-208
63503,-7920,-560,32
63528,-7936,-608,16
63553,-7952,-640,-48
63579,-7920,-608,-64
63605,-8016,-560,0
63629,-8016,-560,64
63654,-7968,-576,32
63679,-7984,-576,0
63703,-7968,-576,16
63728,-7984,-560,48
63753,-8000,-544,-128
63780,-7936,-528,16
63805,-8000,-528,0
63829,-8000,-544,-64
63855,-8032,-464,0
63879,-8064,-496,-48
63905,-8048,-480,-224
63932,-8048,-576,-144
63959,-7968,-544,0
63983,-7920,-528,144
64009,-7904,-416,160
64035,-7968,-368,240
64061,-8032,-336,272
64087,-7984,-400,208
64113,-7984,-304,288
64139,-7776,-192,384
64165,-7952,-208,624
64192,-8080,-112,688
64218,-7984,-160,736
64244,-7840,-224,752
64270,-7984,-160,1056
64297,-7920,-128,944
64323,-8080,-32,1040
64349,-8240,-128,960
64375,-8320,-128,1136
64402,-7952,112,1376
64428,-7536,400,1280
64454,-7264,336,976
64479,-7216,208,1040
64505,-7360,-48,1296
64531,-7488,-176,1264
64558,-7728,-112,1200
64585,-7728,-80,1056
64611,-8096,-304,1152
64638,-8112,-192,1472
64665,-8576,-16,1488
64692,-8496,752,1264
64718,-8576,720,752
64743,-8192,160,496
64768,-8192,-816,352
64794,-7824,-1024,1664
64822,-8016,-768,1296
64849,-8128,64,480
64873,-8064,384,-64
64898,-8032,128,-368
64924,-7728,160,96
64948,-8080,96,560
64972,-8144,0,944
64995,-7968,-192,592
65021,-7760,-288,96
65046,-7936,-128,256
65072,-8032,32,400
65096,-8080,32,464
65120,-7968,-32,224
65145,-7920,-80,96
65169,-7984,-160,80
65194,-7904,-64,192
65219,-7984,-112,-160
65246,-7920,-144,-16
65272,-7968,-48,-80
65297,-7936,-32,-16
65322,-7904,112,-64
65347,-7984,48,48
65370,-7984,16,-64
65394,-8176,256,-256
65420,-7952,400,-800
65446,-8000,432,-464
65472,-8192,576,-272
65498,-8208,32,-16
65522,-8192,-160,-288
65549,-7872,-128,-784
65576,-7744,144,-1040
65603,-7888,144,-832
65629,-7920,-64,-272
65655,-7712,-128,-336
65682,-7744,240,-448
65708,-7808,1088,-496
65735,-8144,1648,-416
65762,-8032,1408,-384
65789,-8080,1280,-288
65817,-8080,1184,-512
65844,-8064,1152,-672
65871,-8032,480,-880
65897,-7824,-256,-512
65924,-7824,-912,-352
65951,-7952,-592,-288
65978,-8048,-64,-560
66004,-8016,80,-544
66029,-7936,-208,-720
66056,-7856,-208,-528
66083,-8096,-208,-48
66109,-8272,-128,128
66135,-8224,-352,208
66161,-8272,-384,272
66187,-8256,-352,672
66213,-8336,-240,704
66239,-8176,-224,608
66265,-8096,-144,592
66292,-7856,-384,464
66318,-7552,-512,560
66344,-7872,-512,768
66370,-7920,48,800
66394,-7712,208,720
66419,-7648,784,960
66444,-7440,-48,736
66469,-7424,272,0
66492,-7376,320,-416
66518,-7200,224,-64
66543,-7168,176,432
66568,-7920,16,736
66592,-7920,-144,320
66618,-8000,-272,-112
66645,-8448,-416,352
66671,-10128,-672,1392
66699,-9488,-672,1296
66726,-7920,-176,-240
66753,-6976,-16,-256
66779,-7184,160,336
66804,-7440,288,16
66828,-7920,288,-640
66854,-8304,-32,-464
66880,-8336,-368,-368
66907,-7952,-560,-96
66933,-7824,-800,-208
66960,-7984,-528,-448
66987,-8336,-432,-144
67014,-8304,-128,-544
67042,-7840,80,-704
67067,-7632,256,-384
67093,-7568,368,-176
67119,-8240,240,144
67144,-8256,32,16
67167,-7984,-256,-160
67194,-7840,-144,-176
67221,-7968,432,-32
67246,-8080,672,-16
67271,-7984,608,-400
67297,-8128,256,-496
67323,-7920,64,-976
67348,-7920,-624,-1232
67376,-7984,-1376,-1232
67405,-7984,-1616,-560
67433,-7584,-1152,-432
67461,-8032,-992,-768
67488,-8160,-784,-848
67515,-8176,-560,-688
67543,-8048,-544,-528
67570,-7968,-576,-528
67597,-7808,-448,-800
67624,-8016,-448,-1488
67652,-7952,-432,-1520
67680,-7984,-864,-1376
67708,-8032,-1072,-848
67736,-8016,-800,-720
67763,-7888,-592,-768
67790,-7808,-528,-864
67818,-7792,-560,-992
67845,-7824,-656,-992
67872,-7904,-800,-816
67899,-7936,-976,-800
67926,-7920,-816,-912
67953,-7952,-784,-1040
67981,-7824,-704,-1120
68009,-7760,-656,-1120
68037,-7920,-624,-1104
68065,-7984,-560,-1088
68094,-7872,-624,-848
68121,-7792,-752,-864
68148,-8048,-848,-816
68175,-7872,-768,-752
68202,-7936,-768,-992
68229,-7952,-624,-1104
68257,-7776,-640,-1104
68285,-7840,-736,-1104
68313,-7856,-736,-1200
68342,-7888,-752,-960
68369,-7872,-704,-1008
68397,-8016,-640,-848
68424,-7920,-576,-976
68451,-7936,-624,-944
68478,-7936,-656,-1072
68506,-7888,-672,-880
68533,-7984,-752,-800
68560,-8000,-752,-832
68587,-7888,-768,-784
68614,-8016,-704,-960
68642,-8016,-688,-896
68669,-7968,-672,-880
68696,-7936,-752,-848
68723,-7840,-624,-848
68750,-7920,-688,-880
68777,-7888,-656,-976
68804,-7856,-656,-960
68831,-7936,-752,-880
68858,-7968,-768,-896
68885,-7904,-736,-864
68912,-7936,-704,-832
68939,-7920,-704,-896
68967,-7888,-608,-864
68994,-7888,-656,-944
69021,-7824,-624,-832
69048,-7984,-688,-1024
69076,-7984,-640,-800
69103,-7936,-544,-784
69130,-7968,-512,-848
69157,-7952,-496,-1024
69185,-7840,-512,-1088
69213,-7888,-544,-912
69240,-7952,-544,-960
69268,-7904,-624,-1008
69296,-7776,-624,-928
69323,-7936,-592,-992
69350,-7888,-544,-960
69377,-7984,-624,-928
69404,-7952,-576,-896
69431,-7904,-592,-992
69458,-7984,-512,-1040
69486,-7936,-528,-880
69513,-7984,-624,-960
69540,-8016,-640,-1024
69569,-8000,-624,-896
69596,-7920,-608,-976
69623,-7856,-608,-992
69650,-7952,-640,-960
69677,-7904,-608,-912
69704,-7920,-656,-928
69731,-7920,-592,-880
69758,-7904,-592,-832
69785,-7968,-608,-960
69812,-7888,-576,-992
69839,-7904,-544,-848
69867,-7968,-608,-944
69894,-7952,-576,-960
69921,-7904,-592,-960
69948,-7936,-560,-896
69975,-7904,-544,-944
70002,-7968,-592,-944
70029,-7920,-560,-992
70056,-7888,-560,-896
70083,-7952,-528,-944
70110,-7920,-528,-928
70137,-7952,-624,-1024
70165,-7952,-560,-816
70193,-7904,-608,-928
70220,-7920,-576,-896
70247,-7952,-560,-928
70274,-7936,-480,-928
70301,-7936,-544,-912
70328,-7920,-592,-1008
70356,-7952,-592,-960
70383,-7936,-608,-976
70410,-8000,-496,-1056
70438,-7888,-592,-944
70465,-7936,-624,-912
70493,-7968,-544,-944
70520,-7968,-576,-992
70547,-7952,-544,-944
70574,-7840,-544,-928
70601,-7952,-528,-960
70628,-7872,-576,-912
70655,-7856,-608,-944
70682,-7904,-608,-912
70709,-7872,-592,-928
70736,-7968,-640,-976
70763,-7968,-576,-800
70790,-7936,-624,-656
70818,-7904,-592,-976
70845,-7920,-592,-912
70872,-7920,-592,-912
70899,-7968,-592,-960
70926,-7872,-592,-992
70953,-7952,-560,-944
70980,-7888,-544,-960
71007,-7952,-640,-976
71034,-7920,-528,-944
71061,-7952,-576,-944
71088,-7936,-544,-1008
71117,-7904,-544,-928
71144,-7952,-544,-960
71171,-7888,-640,-960
71198,-7936,-544,-928
71225,-7856,-560,-960
71252,-7904,-560,-960
71279,-7872,-576,-960
71306,-7936,-544,-896
71333,-7904,-576,-960
71360,-7936,-560,-960
71387,-7904,-544,-976
71414,-7888,-592,-960
71442,-7920,-576,-960
71469,-7952,-480,-992
71496,-7968,-528,-720
71523,-7888,-560,-992
71550,-7952,-592,-864
71577,-7968,-528,-784
71604,-7920,-512,-976
71631,-7952,-576,-752
71658,-7856,-640,-912
71685,-7952,-592,-768
71712,-7840,-576,-816
71739,-8064,-528,-1184
71768,-7904,-592,-944
71795,-7808,-592,-1232
71823,-7904,-592,-896
71850,-7904,-608,-944
71877,-7920,-560,-960
71904,-7952,-592,-880
71931,-7936,-560,-912
71958,-7920,-512,-960
71985,-7920,-544,-960
72012,-7920,-544,-960
72039,-7904,-560,-896
72067,-7888,-528,-992
72094,-7792,-528,-1024
72122,-7936,-544,-928
72149,-7904,-544,-944
72176,-7936,-592,-1008
72204,-7904,-496,-912
72231,-7936,-512,-976
72258,-7920,-560,-928
72285,-7968,-512,-960
72312,-7904,-432,-928
72339,-8096,-464,-976
72367,-7920,-496,-928
72394,-7936,-560,-976
72421,-7968,-576,-928
72448,-7904,-512,-944
72475,-7920,-560,-944
72502,-7936,-512,-944
72529,-7920,-544,-976
72556,-7952,-592,-864
72583,-7952,-608,-896
72610,-7936,-560,-944
72637,-7904,-496,-976
72664,-7856,-544,-928
72692,-7936,-576,-944
72719,-7872,-544,-992
72746,-8016,-544,-800
72773,-7856,-528,-1024
72801,-8064,-496,-944
72828,-7968,-528,-912
72855,-7984,-528,-864
72882,-7936,-592,-848
72909,-7936,-608,-960
72936,-7968,-528,-928
72963,-7968,-528,-896
72990,-7904,-512,-944
73018,-7920,-528,-720
73045,-7888,-496,-720
73072,-8000,-528,-928
73099,-8000,-528,-688
73126,-7952,-576,-960
73153,-8000,-480,-832
73180,-8016,-528,-1120
73208,-7984,-576,-880
73235,-7920,-496,-816
73262,-7968,-528,-880
73289,-7984,-544,-896
73317,-7952,-528,-848
73344,-7984,-512,-864
73371,-7904,-512,-1104
73399,-8064,-480,-928
73426,-7856,-544,-880
73453,-7920,-512,-960
73480,-7984,-496,-928
73507,-7920,-496,-864
73534,-7952,-544,-848
73561,-7936,-528,-912
73588,-7920,-592,-896
73615,-7952,-544,-928
73643,-7984,-544,-912
73670,-7904,-496,-960
73697,-8016,-560,-800
73724,-7808,-544,-912
73751,-7904,-544,-976
73778,-7984,-496,-912
73805,-8048,-496,-1008
73833,-7936,-560,-944
73860,-7920,-544,-896
73887,-7952,-464,-896
73914,-7952,-480,-912
73942,-7904,-480,-912
73969,-7760,-480,-880
73996,-7872,-560,-896
74023,-7952,-528,-960
74050,-7936,-512,-848
74077,-7840,-576,-832
74104,-7888,-560,-784
74131,-7808,-544,-832
74158,-8032,-512,-976
74185,-7952,-512,-656
74212,-7952,-496,-784
74239,-7936,-512,-960
74267,-7968,-512,-880
74294,-8032,-528,-896
74321,-7952,-560,-912
74348,-7920,-544,-912
74375,-7888,-528,-912
74402,-7904,-480,-896
74429,-7920,-496,-896
74456,-7968,-512,-880
74483,-7904,-528,-944
74510,-7968,-560,-912
74537,-7952,-560,-880
74564,-7872,-592,-896
74592,-7952,-592,-784
74619,-7952,-544,-1008
74647,-7904,-528,-912
74674,-7952,-512,-912
74701,-7904,-512,-944
74728,-7952,-512,-912
74755,-7936,-528,-880
74782,-7984,-560,-960
74809,-7952,-480,-944
74836,-7920,-496,-896
74863,-7920,-496,-944
74890,-7920,-432,-928
74918,-7952,-576,-1104
74946,-7968,-656,-992
74973,-7904,-592,-912
75000,-7936,-512,-1024
75028,-7920,-528,-960
75055,-7920,-544,-912
75082,-7968,-512,-848
75109,-7952,-400,-848
75136,-7952,-480,-864
75163,-7872,-528,-896
75190,-7952,-576,-880
75218,-7936,-528,-896
75245,-7936,-512,-896
75272,-7872,-512,-960
75299,-7904,-464,-912
75326,-7936,-464,-880
75353,-7888,-464,-896
75380,-7904,-480,-880
75407,-7968,-528,-896
75434,-7920,-496,-944
75461,-7968,-464,-928
75488,-7984,-480,-896
75515,-7920,-560,-848
75543,-7984,-512,-864
75570,-7936,-512,-864
75597,-7872,-480,-944
75624,-7856,-512,-848
75651,-8000,-464,-960
75678,-7888,-480,-864
75705,-7920,-512,-864
75732,-7920,-480,-912
75759,-8000,-512,-912
75786,-7952,-512,-944
75813,-7856,-560,-1008
75841,-7952,-544,-848
75869,-7936,-528,-912
75896,-7936,-512,-928
75923,-7952,-560,-880
75950,-7952,-560,-864
75977,-8000,-480,-864
76004,-7936,-576,-944
76031,-7920,-528,-880
76058,-7920,-544,-896
76085,-7936,-576,-848
76112,-7936,-512,-864
76139,-7984,-576,-912
76166,-7888,-560,-896
76194,-7984,-592,-960
76221,-7872,-608,-928
76248,-7936,-560,-896
76275,-7888,-528,-1008
76303,-7920,-528,-928
76330,-7920,-400,-928
76357,-8032,-352,-912
76384,-7920,-304,-800
76411,-7952,-304,-880
76438,-7984,-400,-800
76465,-7856,-352,-880
76493,-7872,-304,-864
76520,-7824,-240,-912
76547,-7904,-336,-800
76574,-8016,-368,-800
76601,-8064,-256,-704
76628,-8064,-256,-560
76655,-8080,-128,-496
76682,-8176,-96,-384
76708,-8176,-80,-368
76734,-8128,96,80
76757,-8128,176,176
76782,-8064,288,320
76807,-7664,528,624
76832,-7488,544,992
76857,-7600,784,656
76882,-8128,944,-384
76908,-8320,-688,1168
76935,-10400,-1712,3664
76964,-9328,1120,1376
76991,-8928,2576,-2128
77020,-8016,464,3616
77046,-6896,656,944
77071,-5840,1024,-480
77098,-5808,1312,1280
77125,-5520,976,1696
77151,-5392,688,2272
77177,-6528,384,2816
77203,-6560,128,2944
77229,-6512,512,3456
77255,-7616,1584,3984
77282,-7712,1568,4656
77309,-8384,1040,5280
77336,-7792,1648,4896
77363,-5936,2176,3664
77390,-4752,2352,2528
77418,-12816,-96,1552
77445,-11264,-480,4864
77473,-6944,2480,4960
77500,-6528,-848,944
77526,-5840,-4544,976
77553,-7920,-3792,2480
77581,-10224,1168,-4320
77610,-10144,1024,-1312
77639,-8064,2080,448
77665,-8240,2000,-592
77693,-7920,192,-208
77719,-7888,-336,944
77745,-7904,-576,576
77771,-7936,752,-96
77796,-6832,656,-112
77822,-7408,272,-96
77847,-7376,432,112
77872,-7392,1072,-224
77899,-6992,656,-224
77925,-7472,224,-272
77951,-7568,336,256
77976,-7664,560,1856
78002,-8208,512,608
78027,-8000,1184,-2128
78055,-7952,1312,-1552
78083,-8352,-432,304
78109,-10048,-688,208
78136,-11232,1824,-2480
78165,-10816,4576,-576
78194,-10432,1936,928
78221,-10400,-1152,416
78249,-7584,-2976,1424
78277,-10912,-3152,176
78305,-10192,-1264,-1760
78335,-10048,48,-624
78361,-9424,864,1424
78387,-8944,2640,1296
78414,-7984,784,352
78439,-7328,528,-160
78465,-7168,-16,-608
78491,-4400,160,-736
78518,-4224,256,-176
78544,-4128,32,160
78568,-2976,-992,592
78594,-3312,-1120,1456
78622,-5328,-192,3568
78649,-13040,2704,6240
78677,-13296,5024,7600
78705,-12368,2016,5552
78733,-4752,336,1152
78759,-4736,-752,3312
78786,-17024,-448,5504
78814,-7360,2016,3152
78841,-6240,-1168,-3520
78871,-2448,-5504,4640
78899,-8976,-688,-2560
78927,-7776,2640,-3984
78955,-7872,2304,-1232
78983,-8816,1440,-912
79010,-8944,-144,2176
79037,-9024,-1392,-304
79065,-7696,-1248,208
79093,-7040,112,-1280
79120,-6832,1264,-1328
79148,-6736,1632,-512
79175,-7248,1504,-816
79202,-6608,464,416
79227,-7696,-352,1200
79254,-8240,-288,1328
79281,-8080,240,-960
79307,-8208,1312,-2112
79335,-8176,1984,368
79361,-10000,672,640
79387,-10224,2496,-1264
79416,-11712,3760,-544
79445,-11552,1840,2176
79473,-9360,-1872,-1120
79502,-10064,-4016,1936
79531,-9840,-3072,-1184
79560,-9984,-1568,-1392
79589,-10976,1104,640
79616,-9360,2000,1328
79644,-8448,928,976
79669,-6528,-1152,96
79695,-4352,240,-1248
79722,-3792,192,-768
79748,-3200,400,-144
79774,-3200,208,288
79799,-2752,48,768
79823,-2448,-512,816
79849,-3888,-192,1280
79876,-9952,656,5408
79902,-20400,5696,8240
79930,-6256,2880,7952
79957,-4608,768,5984
79983,-15248,-4112,-576
80012,-13056,-3184,4240
80041,-3280,-416,3360
80069,-6880,-1392,-2576
80098,-7296,-2880,-128
80126,-9216,-448,-400
80153,-8528,3664,-1968
80181,-9056,2416,-80
80207,-7680,1184,1072
80234,-8112,-80,176
80259,-7584,-752,128
80285,-6800,-1184,320
80312,-6816,-80,368
80337,-6368,784,-352
80363,-6656,1472,-320
80390,-6752,1408,-448
80418,-6864,-16,-32
80443,-7952,-64,720
80468,-8512,288,1376
80494,-7936,288,192
80519,-8464,752,-1696
80546,-8848,1344,-448
80573,-10160,400,2016
80600,-10448,2768,-1136
80629,-11568,5456,-880
80657,-10832,1248,-1792
80686,-10272,-2016,2784
80715,-9312,-2720,-704
80744,-9888,-2064,-528
80772,-11392,-1168,-992
80801,-10448,400,-64
80827,-9424,2192,1808
80854,-8480,1072,1200
80881,-6672,208,-1264
80908,-3888,-128,-1680
80936,-3328,320,-1264
80963,-3520,640,-496
80989,-3376,704,-400
81015,-2512,352,96
81039,-2320,-960,816
81065,-5808,-1136,2704
81094,-21280,6128,10064
81123,-9024,3824,8448
81150,-7744,64,4912
81175,-3216,-5184,688
81202,-14656,-2608,6048
81231,-6480,2496,1808
81258,-6176,-3360,-2672
81287,-4784,-5152,-480
81315,-7616,-896,-2160
81344,-10864,2448,-3632
81373,-8416,2912,-880
81400,-8144,2576,288
81426,-7376,1536,48
81451,-7296,-608,-240
81478,-6832,-1152,112
81505,-7376,-128,336
81531,-7232,-800,-1056
81559,-6512,-464,-768
81586,-7008,-272,544
81612,-7280,-368,2192
81639,-7712,560,16
81663,-7696,1408,-1616
81691,-8240,2080,-672
81719,-9232,1376,-64
81745,-9344,688,1856
81771,-11088,3280,-1936
81800,-11968,4000,64
81826,-10400,624,-2752
81854,-9888,-2384,4096
81882,-10160,-3360,-1216
81912,-10800,-3392,-144
81941,-11408,-2512,-768
81971,-9776,-480,912
81997,-8448,2400,2256
82024,-7328,1584,688
82050,-5456,464,-672
82076,-5488,32,-448
82101,-3648,1248,-864
82128,-3440,176,-784
82154,-3296,304,-80
82179,-2480,-1136,64
82205,-2160,-1536,752
82232,-5408,-1520,2864
82260,-16336,2480,8544
82288,-14096,3520,9424
82316,-4672,800,8672
82343,-7248,-2608,-32
82370,-12896,-704,4208
82398,-11440,5152,4160
82426,-11024,-3632,-1136
82456,-5904,-5136,-448
82484,-8176,-2928,2544
82512,-9776,3328,-7344
82540,-8960,2848,-1664
82569,-8784,1520,1888
82596,-8048,768,592
82621,-8000,-336,-736
82648,-8112,-1152,1152
82676,-6944,-112,-320
82703,-7120,720,-544
82729,-7072,1120,-928
82756,-7200,1184,64
82781,-7232,704,592
82806,-7360,336,784
82831,-8272,704,1440
82857,-7568,1104,144
82883,-8160,432,-2320
82910,-8272,800,-704
82936,-10528,1040,2080
82964,-9456,1824,-48
82990,-9472,4880,-1536
83019,-10480,736,352
83045,-11712,-1360,2464
83074,-11632,-3072,-1072
83104,-9360,-2320,-864
83132,-9408,-1088,-1264
83161,-10208,1616,96
83187,-9440,2112,1328
83214,-9008,704,1536
83240,-7024,-480,-288
83268,-5520,-144,-1104
83296,-5504,-176,-1232
83324,-3856,-272,-816
83351,-3904,-48,-256
83377,-2768,144,336
83402,-2432,-448,480
83428,-3840,-688,2160
83455,-9920,464,5840
83481,-22784,6128,8656
83509,-6192,3136,7360
83536,-3184,576,4576
83562,-12128,-3760,416
83590,-15280,-2752,6096
83620,-5488,1888,2400
83647,-2800,-3264,-1840
83676,-7728,-5024,480
83703,-8752,-368,-2992
83731,-9216,1824,-2640
83759,-8912,2832,-480
83786,-8064,2320,128
83812,-8080,480,224
83837,-7952,-592,-96
83863,-7712,-1360,576
83890,-6848,-512,96
83915,-6688,688,-400
83941,-6848,992,-608
83968,-7456,1648,-80
83994,-6976,384,32
84018,-7200,-368,736
84044,-8000,464,256
84069,-8144,784,560
84094,-8080,496,160
84119,-8112,608,-2224
84146,-8208,864,-1264
84173,-9808,560,1872
84199,-11088,2080,-2192
84228,-11296,4640,-560
84256,-10784,2144,304
84283,-10544,-1728,2480
84312,-8976,-3808,-400
84340,-9392,-2400,-1072
84370,-9984,-992,-1696
84398,-9984,608,256
84423,-9936,1248,1568
84450,-8608,1264,656
84476,-6992,544,560
84501,-5968,-400,-656
84528,-5680,-1392,-240
84556,-4688,-112,-1120
84584,-3696,-160,-144
84611,-3520,-64,704
84636,-2992,-192,1056
84663,-2896,-512,1680
84690,-3664,-384,4624
84718,-8384,5840,8944
84745,-8432,4912,7456
84772,-1840,2320,4752
84799,-3712,-464,1824
84826,-15328,-1184,576
84854,-8368,-512,2496
84881,-7312,240,4368
84907,-6768,-864,-2624
84935,-7040,-3280,2240
84963,-6848,-16,-3392
84990,-9552,2112,-2784
85019,-7984,1600,528
85045,-7904,736,0
85068,-8336,64,-240
85093,-7760,-1360,480
85120,-6528,-1952,352
85147,-7376,-656,272
85173,-7168,1280,-592
85200,-6944,1840,-672
85227,-7024,1712,-16
85253,-6976,304,-544
85279,-8192,528,256
85304,-8864,1344,1984
85331,-7936,1488,560
85357,-7904,272,-1104
85384,-7568,-48,-1968
85411,-7040,352,-1584
85438,-8624,944,-1232
85465,-13424,1328,-1616
85495,-10848,2288,-1088
85524,-8944,400,48
85548,-9248,-1632,848
85575,-9312,-3888,2896
85603,-10608,-4624,-720
85632,-9200,-1808,-2224
85661,-9408,-64,-16
85686,-9168,688,1552
85712,-7648,720,384
85737,-7184,336,16
85761,-6320,-112,96
85786,-5296,-464,-80
85812,-5072,-336,-240
85839,-4688,-288,144
85865,-4576,272,640
85890,-4400,-80,848
85915,-5376,-864,912
85941,-8272,-112,3104
85969,-11712,2704,4736
85997,-9120,3376,5760
86024,-6032,3216,3248
86051,-9280,288,2080
86077,-14672,-2352,160
86105,-9712,400,2192
86131,-5936,-32,3824
86157,-6128,-1168,-96
86184,-8032,-2464,128
86211,-7600,-1360,-2336
86240,-8112,96,-240
86265,-8192,480,208
86290,-7904,192,-96
86315,-8336,16,-384
86340,-7824,16,-368
86365,-7808,-400,-304
86393,-8128,-416,-208
86420,-7952,128,-608
86446,-8112,384,-400
86472,-8160,880,-576
86498,-8000,848,-544
86524,-8032,688,-224
86550,-8096,560,-448
86576,-7952,256,-560
86602,-8064,144,-336
86628,-8016,-144,-512
86655,-8032,-96,-416
86681,-8240,592,-592
86707,-8016,1248,-1040
86735,-7888,1472,-864
86762,-7712,1264,-1072
86790,-8016,1056,-368
86818,-8320,480,-352
86844,-8352,-400,-736
86871,-7952,-1808,-1056
86900,-8112,-2384,-688
86928,-7968,-1424,-944
86956,-8000,-912,-944
86983,-7632,-384,-544
87010,-7584,-256,-320
87037,-8112,-480,48
87062,-8128,-672,272
87088,-7728,-720,448
87114,-7744,-448,352
87140,-7904,-384,544
87166,-7936,-544,608
87193,-7968,-560,720
87219,-8272,-544,896
87245,-8784,-448,640
87271,-8288,-496,448
87297,-7600,-320,384
87323,-7200,-496,-192
87350,-7232,-464,-224
87377,-7264,-576,0
87401,-7472,-880,208
87427,-7600,-960,208
87453,-7728,-864,-144
87480,-7728,-368,-48
87506,-7904,-336,80
87531,-7920,-480,16
87556,-8320,-512,-128
87583,-8352,-592,240
87609,-9088,-576,752
87635,-8016,144,96
87659,-7584,256,-752
87685,-7840,-112,-880
87712,-7904,-896,-272
87739,-7952,-1072,496
87766,-7936,-704,-192
87794,-7984,-544,-448
87821,-7904,-592,-512
87848,-7984,-688,-592
87875,-8000,-608,-224
87902,-8000,-640,-368
87929,-8000,-800,-608
87956,-7888,-784,-528
87983,-8064,-672,-464
88010,-8048,-560,-384
88037,-7952,-624,-480
88064,-7952,-736,-560
88091,-7968,-832,-560
88119,-7968,-880,-576
88146,-7984,-768,-528
88173,-7984,-752,-528
88200,-8016,-672,-592
88227,-7904,-608,-560
88254,-7936,-656,-560
88281,-7936,-768,-576
88308,-7920,-768,-592
88335,-8016,-688,-528
88362,-8000,-752,-512
88389,-7936,-720,-544
88416,-8000,-560,-528
88444,-7952,-608,-512
88471,-8016,-560,-512
88498,-7936,-624,-496
88525,-7952,-576,-512
88552,-7968,-608,-528
88579,-7952,-560,-512
88606,-7968,-544,-448
88633,-7968,-560,-448
88660,-8000,-544,-432
88687,-8000,-544,-432
88714,-7984,-448,-400
88741,-7984,-448,-480
88769,-7968,-480,-544
88796,-7920,-560,-480
88823,-8000,-512,-496
88850,-7968,-528,-432
88877,-7984,-560,-432
88904,-8016,-576,-464
88931,-7904,-448,-432
88958,-8080,-384,-432
88985,-8016,-352,-448
89012,-8016,-384,-448
89039,-7936,-384,-544
89066,-7936,-368,-256
89094,-7920,-352,-464
89121,-7984,-352,-432
89148,-8016,-400,-448
89175,-8032,-384,-448
89202,-7968,-432,-464
89229,-7936,-368,-464
89256,-7984,-288,-448
89283,-8000,-304,-432
89310,-7984,-304,-400
89337,-7984,-288,-480
89364,-7984,-256,-400
89391,-7952,-272,-464
89419,-8016,-240,-384
89446,-8064,-288,-400
89473,-7968,-320,-608
89500,-8016,-240,-416
89527,-7952,-272,-608
89554,-7920,-272,-416
89581,-7968,-272,-528
89608,-7952,-176,-256
89635,-7904,-160,-592
89662,-7888,-304,-544
89689,-8000,-224,-624
89716,-7824,-160,-528
89744,-8000,-240,-592
89771,-8000,-192,-496
89798,-8000,-224,-576
89825,-8048,-224,-512
89852,-8000,-240,-464
89879,-7984,-272,-528
89906,-7952,-144,-480
89933,-7904,-176,-560
89960,-7936,-160,-544
89987,-7968,-112,-528
90014,-8032,-192,-512
90041,-7968,-192,-560
90069,-7984,-192,-640
90096,-7968,-240,-800
90123,-7984,-144,-752
90150,-7936,-96,-656
90176,-8016,-64,-624
90202,-8112,-32,-752
90228,-8048,-64,-576
90254,-7968,-16,-560
90280,-8144,16,-608
90305,-8016,96,-512
90330,-7904,176,-448
90356,-8000,224,-640
90382,-7968,144,-512
90408,-7904,144,-480
90434,-7920,240,-464
90460,-7872,384,-416
90486,-8080,336,-640
90512,-8144,32,-576
90537,-8112,-352,-496
90564,-7952,-672,-384
90591,-8016,-512,-208
90619,-7808,32,-384
90644,-8128,224,-448
90670,-8016,48,-480
90695,-8016,-48,-240
90721,-7920,-128,16
90746,-8064,-176,-112
90773,-7984,-80,160
90798,-7808,96,112
90822,-8096,96,-144
90847,-8000,-128,208
90873,-7952,-208,208
90899,-7920,-144,384
90925,-8128,-128,528
90951,-8208,-224,816
90977,-8224,-144,1152
91004,-8224,0,688
91027,-8128,-208,432
91053,-8016,-640,720
91079,-8048,-528,1008
91106,-8112,256,848
91131,-8272,448,848
91156,-7824,-32,848
91181,-7680,-320,1008
91208,-7728,-192,1216
91235,-7760,128,1152
91261,-7712,272,1056
91287,-7568,192,976
91312,-7728,48,1088
91337,-7776,128,1024
91363,-7664,304,912
91388,-7600,64,656
91412,-7536,-160,720
91438,-7600,-352,768
91464,-7808,-464,864
91490,-7968,-464,896
91516,-7904,-336,848
91542,-7840,-416,784
91569,-7824,-432,576
91595,-7792,-352,496
91621,-8096,-480,656
91647,-8208,-672,432
91673,-8272,-800,432
91699,-8400,-896,432
91725,-8448,-912,1040
91752,-8480,-448,688
91778,-8224,-192,64
91803,-7744,-192,16
91828,-7552,-448,160
91854,-7488,-288,-416
91881,-7792,-368,-368
91908,-7936,-592,-192
91935,-8096,-832,0
91959,-8176,-912,128
91985,-8080,-912,-192
92012,-8096,-736,-112
92039,-8032,-560,-240
92066,-7888,-544,-304
92094,-7888,-512,-336
92121,-7936,-592,-304
92148,-7936,-496,-128
92175,-8032,-384,-432
92202,-7920,-272,-192
92229,-7952,-224,-320
92256,-8048,-64,-96
92281,-8064,112,-352
92307,-7968,496,-464
92333,-7920,576,-240
92359,-7952,624,64
92383,-8096,384,192
92408,-8112,208,192
92433,-8144,304,-160
92459,-8080,304,-368
92485,-8144,240,-240
92511,-7872,176,-272
92537,-8000,96,-208
92562,-8064,80,-96
92586,-8032,16,-96
92610,-8144,368,-176
92636,-8096,368,-736
92662,-7968,16,-848
92687,-7952,-384,-704
92714,-7872,-368,-640
92741,-7744,-608,-656
92769,-7488,-656,-448
92796,-8144,-560,-336
92823,-8160,-528,-208
92850,-7872,-576,-384
92877,-7872,-576,-416
92904,-8080,-704,-320
92931,-8160,-560,-160
92958,-8112,-240,-352
92985,-8016,-48,-416
93011,-7952,-16,-464
93037,-7872,-144,-512
93064,-7824,-352,-576
93091,-7840,-384,-592
93119,-7872,-608,-736
93146,-7856,-736,-928
93173,-7808,-816,-880
93200,-7840,-960,-848
93227,-7840,-800,-592
93254,-8112,-544,-928
93281,-7984,-368,-928
93308,-8016,-496,-1040
93336,-8000,-464,-848
93363,-7968,-448,-608
93390,-8016,-400,-656
93417,-8000,-400,-576
93445,-7936,-400,-736
93472,-7984,-320,-784
93499,-7952,-416,-976
93526,-7824,-416,-928
93553,-7824,-480,-1008
93581,-7984,-496,-848
93608,-7984,-496,-800
93635,-7968,-432,-832
93662,-7952,-384,-912
93689,-7888,-384,-944
93716,-7968,-480,-912
93744,-7904,-464,-896
93771,-7840,-528,-880